SELECT * FROM USUARIO;

-- ****************** CREAR USUARIO ************************
CREATE USER CLINICA_ANDROID IDENTIFIED BY CLINICA;
GRANT ALL PRIVILEGES TO CLINICA_ANDROID;

-- ****************** ELIMINACIÓN DETABLAS *****************
SELECT 'DROP TABLE '||table_name||' CASCADE CONSTRAINTS;' FROM user_tables;
DROP TABLE TIPO_USUARIO;
DROP TABLE USUARIO;
DROP TABLE PAGO_ATENCION;
DROP TABLE ATENCION;
DROP TABLE PACIENTE;
DROP TABLE MEDICO;
DROP TABLE UNIDAD;
DROP TABLE CARGO;
DROP TABLE ESPECIALIDAD;
DROP TABLE SALUD;
DROP TABLE TIPO_SALUD;
DROP TABLE PORC_DESCTO_3RA_EDAD;
DROP TABLE ATENCIONES_MEDICAS_MENSUALES;
DROP TABLE ERRORES;

-- ****************** CREACIÓN DE TABLAS *****************
CREATE TABLE TIPO_USUARIO(
	idTipoUsuario NUMBER NOT NULL,
	tipoUsuario VARCHAR2(30)
);
ALTER TABLE TIPO_USUARIO ADD CONSTRAINT TIPO_USUARIO_PK PRIMARY KEY (idTipoUsuario);

CREATE TABLE USUARIO(
	idUsuario NUMBER NOT NULL,
	usuario VARCHAR2(100) NOT NULL,
	pass VARCHAR2(255) NOT NULL,
	idTipoUsuario NUMBER NOT NULL);
ALTER TABLE USUARIO ADD CONSTRAINT USUARIO_PK PRIMARY KEY(idUsuario);

CREATE TABLE UNIDAD(
uni_id NUMBER (3) NOT NULL,
nombre VARCHAR2 (25) NOT NULL);
ALTER TABLE UNIDAD ADD CONSTRAINT UNIDAD_PK PRIMARY KEY (uni_id);

CREATE TABLE CARGO(
car_id NUMBER (3) NOT NULL,
nombre VARCHAR2 (30) NOT NULL);
ALTER TABLE CARGO ADD CONSTRAINT CARGO_PK PRIMARY KEY (car_id);

CREATE TABLE ESPECIALIDAD(
esp_id NUMBER (3) NOT NULL,
nombre VARCHAR2 (25) NOT NULL);
ALTER TABLE ESPECIALIDAD ADD CONSTRAINT ESPECIALIDAD_PK PRIMARY KEY (esp_id);

CREATE TABLE SALUD(
sal_id      NUMBER (3) NOT NULL,
descripcion VARCHAR2 (100) NOT NULL,
costo_pago  NUMBER(3) NOT NULL,
tipo_sal_id  VARCHAR2 (3) NOT NULL);
ALTER TABLE SALUD ADD CONSTRAINT SALUD_PK PRIMARY KEY (sal_id);


CREATE TABLE TIPO_SALUD(
tipo_sal_id  VARCHAR2 (3) NOT NULL,
descripcion VARCHAR2 (100) NOT NULL);
ALTER TABLE TIPO_SALUD ADD CONSTRAINT TIPO_SALUD_PK PRIMARY KEY (tipo_sal_id);

CREATE TABLE MEDICO(
med_rut        NUMBER (8) NOT NULL,
dv_rut         VARCHAR (1) NOT NULL,
pnombre        VARCHAR2 (15) NOT NULL,
snombre        VARCHAR2 (15) NOT NULL,
apaterno       VARCHAR2 (15) NOT NULL,
amaterno       VARCHAR2 (15) NOT NULL,
telefono       NUMBER (11) NOT NULL,
sueldo_base    NUMBER (8) NOT NULL,
fecha_contrato DATE NOT NULL,
comision       NUMBER (2,1),
uni_id         NUMBER (3),
car_id         NUMBER (3) NOT NULL,
esp_id         NUMBER (3) NOT NULL,
jefe_rut       NUMBER (8),
idUsuario 	   NUMBER NULL);
ALTER TABLE MEDICO ADD CONSTRAINT MEDICO_PK PRIMARY KEY (med_rut);

CREATE TABLE PACIENTE(
pac_rut          NUMBER (8) NOT NULL,
dv_rut           VARCHAR (1) NOT NULL,
pnombre          VARCHAR2 (15) NOT NULL,
snombre          VARCHAR2 (15) NOT NULL,
apaterno         VARCHAR2 (15) NOT NULL,
amaterno         VARCHAR2 (15) NOT NULL,
fecha_nacimiento DATE NOT NULL,
telefono         NUMBER (9),
sal_id           NUMBER (3),
idUsuario        NUMBER NULL);
ALTER TABLE PACIENTE ADD CONSTRAINT PACIENTE_PK PRIMARY KEY (pac_rut); 


CREATE TABLE ATENCION(
ate_id      NUMBER (3) NOT NULL,
fecha_atencion DATE NOT NULL,
hr_atencion VARCHAR(5) NOT NULL,
costo       NUMBER (8) NOT NULL,
med_rut     NUMBER (8) NOT NULL,
pac_rut     NUMBER (8) NOT NULL);
ALTER TABLE ATENCION ADD CONSTRAINT ATENCION_PK PRIMARY KEY (ate_id);


CREATE TABLE PAGO_ATENCION(
ate_id      NUMBER (3) NOT NULL,
fecha_venc_pago  DATE NOT NULL,
fecha_pago  DATE NOT NULL,
monto_atencion NUMBER(8) NOT NULL,
monto_a_cancelar NUMBER (8),
obs_pago    VARCHAR2(100));
ALTER TABLE PAGO_ATENCION ADD CONSTRAINT PAGO_ATENCION_PK PRIMARY KEY (ate_id);

CREATE TABLE PORC_DESCTO_3RA_EDAD 
(anno_ini   NUMBER(3) NOT NULL,
 anno_ter   NUMBER(3) NOT NULL,
 porcentaje_descto      NUMBER(4) NOT NULL); 
 ALTER TABLE PORC_DESCTO_3RA_EDAD ADD CONSTRAINT PK_PORC_DESCTO_3RA_EDAD PRIMARY KEY (anno_ini);

CREATE TABLE ATENCIONES_MEDICAS_MENSUALES 
(correlativo NUMBER(6) NOT NULL,
 fecha_proceso VARCHAR2(7) NOT NULL,
 nro_atencion NUMBER(3) NOT NULL,
 fecha_atencion DATE NOT NULL,
 hora_atencion VARCHAR2(5) NOT NULL,
 unidad_atencion VARCHAR2(25) NOT NULL,
 especialidad_atencion VARCHAR2(100) NOT NULL,
 medico_atencion VARCHAR2(100) NOT NULL,
 cargo_medico VARCHAR2(100) NOT NULL,
 paciente VARCHAR2(100) NOT NULL,
 sistema_salud_paciente VARCHAR2(100) NOT NULL,
 desc_sistema_salud VARCHAR2(100) NOT NULL,
 costo_atencion NUMBER(10) NOT NULL,
 valor_pago_atencion NUMBER(10),
 fecha_grabacion DATE NOT NULL);
 ALTER TABLE ATENCIONES_MEDICAS_MENSUALES ADD CONSTRAINT PK_ATENCIONES_MEDICAS_MENSUAL PRIMARY KEY (correlativo,fecha_proceso);
  
CREATE TABLE errores(
  id_error NUMBER(10) NOT NULL,
  subprograma_error VARCHAR2(50) NOT NULL,
  descripcion_error VARCHAR2(500),
  PRIMARY KEY(id_error));

-- **************AGREGAR CLAVES FORANEAS*******************
ALTER TABLE USUARIO ADD CONSTRAINT USUARIO_TIPO_USUARIO_FK FOREIGN KEY (idTipoUsuario) REFERENCES TIPO_USUARIO(idTipoUsuario);

ALTER TABLE MEDICO ADD CONSTRAINT UNIDAD_FK FOREIGN KEY (uni_id) REFERENCES UNIDAD (uni_id);
ALTER TABLE MEDICO ADD CONSTRAINT CARGO_FK FOREIGN KEY (car_id) REFERENCES CARGO (car_id);
ALTER TABLE MEDICO ADD CONSTRAINT ESPECIALIDAD_FK FOREIGN KEY (esp_id) REFERENCES ESPECIALIDAD (esp_id);
ALTER TABLE MEDICO ADD CONSTRAINT JEFE_FK FOREIGN KEY (jefe_rut) REFERENCES MEDICO (med_rut);
ALTER TABLE MEDICO ADD CONSTRAINT MEDICO_USUARIO_FK FOREIGN KEY (idUsuario) REFERENCES USUARIO(idUsuario);

ALTER TABLE PACIENTE ADD CONSTRAINT SALUD_FK FOREIGN KEY (sal_id) REFERENCES SALUD (sal_id);
ALTER TABLE PACIENTE ADD CONSTRAINT PACIENTE_USUARIO_FK FOREIGN KEY (idUsuario) REFERENCES USUARIO(idUsuario);
ALTER TABLE SALUD ADD CONSTRAINT TIPO_SALUD_FK FOREIGN KEY (tipo_sal_id) REFERENCES TIPO_SALUD (tipo_sal_id);

ALTER TABLE ATENCION ADD CONSTRAINT MEDICO_FK FOREIGN KEY (med_rut) REFERENCES MEDICO (med_rut);
ALTER TABLE ATENCION ADD CONSTRAINT PACIENTE_FK FOREIGN KEY (pac_rut) REFERENCES PACIENTE (pac_rut);

ALTER TABLE PAGO_ATENCION ADD CONSTRAINT PAGO_ATENCION_FK FOREIGN KEY (ate_id) REFERENCES ATENCION(ate_id);

-- **************CREAR SEQUENCIAS ************************
--SOLAMENTE PARA CAMBIAR LA BD***********
CREATE SEQUENCE USUARIO_SEQ START WITH 1;
--***************************************
CREATE SEQUENCE SEQ_USUARIO START WITH 134;
CREATE SEQUENCE SEQ_ATENCION START WITH 573;

-- ****************** CREAR TRIGGERS ************************
SELECT ROWNUM FROM DUAL;
SELECT * FROM USUARIO;
SELECT * FROM PACIENTE;
SELECT * FROM MEDICO;
SELECT * FROM TIPO_USUARIO;
SELECT * FROM ATENCION;
SELECT * FROM PAGO_ATENCION;

DELETE FROM MEDICO;
DELETE FROM USUARIO;

CREATE OR REPLACE TRIGGER usuario_bir 
BEFORE INSERT ON Usuario
FOR EACH ROW
BEGIN
  SELECT USUARIO_SEQ.NEXTVAL
  INTO   :new.idUsuario
  FROM   dual;
END;

CREATE OR REPLACE TRIGGER TRG_CREAR_USUARIO_MEDICO 
	BEFORE INSERT ON MEDICO FOR EACH ROW
BEGIN
	INSERT INTO USUARIO(IDUSUARIO,USUARIO,PASS,IDTIPOUSUARIO) VALUES(:NEW.idUsuario,:NEW.med_rut,:NEW.pnombre,1);
END;

CREATE OR REPLACE TRIGGER TRG_CREAR_USUARIO_PACIENTE
	BEFORE INSERT ON PACIENTE FOR EACH ROW
BEGIN
	INSERT INTO USUARIO(IDUSUARIO,USUARIO,PASS,IDTIPOUSUARIO) VALUES(:NEW.idUsuario,:NEW.pac_rut,:NEW.pnombre,2);
END;


-- ****************** POBLADO DE LAS TABLAS *****************
INSERT INTO TIPO_USUARIO VALUES(1,'MEDICO');
INSERT INTO TIPO_USUARIO VALUES(2,'PACIENTE');

INSERT INTO PORC_DESCTO_3RA_EDAD VALUES(65,70,2);
INSERT INTO PORC_DESCTO_3RA_EDAD VALUES(71,75,5);
INSERT INTO PORC_DESCTO_3RA_EDAD VALUES(76,80,8);
INSERT INTO PORC_DESCTO_3RA_EDAD VALUES(81,85,10);
INSERT INTO PORC_DESCTO_3RA_EDAD VALUES(86,120,20);

INSERT INTO unidad VALUES(100,'Atencion Ambulatoria');
INSERT INTO unidad VALUES(200,'Atencion Urgencia');
INSERT INTO unidad VALUES(300,'Paciente Critico');
INSERT INTO unidad VALUES(400,'Atencion Adulto');
INSERT INTO unidad VALUES(500,'Atencion Infantil');
INSERT INTO unidad VALUES(600,'Maternidad');
INSERT INTO unidad VALUES(700,'Cirugia');
INSERT INTO unidad VALUES(800,'Cirugia Plastica');
INSERT INTO unidad VALUES(900,'Sobrepreso y Obesidad');

INSERT INTO especialidad VALUES(100,'Traumatologia');
INSERT INTO especialidad VALUES(200,'Gastroenterologia');
INSERT INTO especialidad VALUES(300,'Neurologia');
INSERT INTO especialidad VALUES(400,'Geriatria');
INSERT INTO especialidad VALUES(500,'Oftalmologia');
INSERT INTO especialidad VALUES(600,'Pediatria');
INSERT INTO especialidad VALUES(700,'Medicina General');
INSERT INTO especialidad VALUES(800,'Ginecologia');
INSERT INTO especialidad VALUES(900,'Dermatologia');

INSERT INTO cargo VALUES(100,'Presidente Junta Medica');
INSERT INTO cargo VALUES(200,'Medico Auditor');
INSERT INTO cargo VALUES(300,'Medico Atencion Adulto');
INSERT INTO cargo VALUES(400,'Medico Atencion Ambulatoria');
INSERT INTO cargo VALUES(500,'Medico Atencion Infantil');
INSERT INTO cargo VALUES(600,'Medico Maternidad');
INSERT INTO cargo VALUES(700,'Medico Paciente Critico');
INSERT INTO cargo VALUES(800,'Medico Atencion Urgencia');

INSERT INTO tipo_salud VALUES('F','Fonasa');
INSERT INTO tipo_salud VALUES('I','Isapre');
INSERT INTO tipo_salud VALUES('FA','Fuerzas Armada');
INSERT INTO tipo_salud VALUES('C','Carabineros y PDI');
INSERT INTO tipo_salud VALUES('P','Particular');

INSERT INTO salud VALUES(10,'Tramo A',0,'F');
INSERT INTO salud VALUES(20,'Tramo B',25,'F');
INSERT INTO salud VALUES(30,'Tramo C',35,'F');
INSERT INTO salud VALUES(40,'Tramo D',45,'F');
INSERT INTO salud VALUES(50,'Mas Vida',46,'I');
INSERT INTO salud VALUES(60,'Colmena',55,'I');
INSERT INTO salud VALUES(70,'Banmedica',37,'I');
INSERT INTO salud VALUES(80,'Cruz Blanca',60,'I');
INSERT INTO salud VALUES(90,'Consalud',70,'I');
INSERT INTO salud VALUES(100,'Vida Tres',56,'I');
INSERT INTO salud VALUES(110,'Personal activo FFAA',30,'FA');
INSERT INTO salud VALUES(120,'Carga Familar Personal FFAA',50,'FA');
INSERT INTO salud VALUES(130,'Personal Retirado FFAA',35,'FA');
INSERT INTO salud VALUES(140,'Personal activo de carabienros y PDI',30,'C');
INSERT INTO salud VALUES(150,'Carga Familar Personal Carabineros y PDI',60,'C');
INSERT INTO salud VALUES(160,'Personal Retirado Carabineros y PDI',60,'C');
INSERT INTO salud VALUES(170,'Personal no afiliado a un sistema de salud',100,'P');

INSERT INTO medico VALUES(3126425,'1','Gregoria','Registra','Gonzalez','Castillo',56943757343,808089,'21-08-2013',null,100,100,900,null,1);
INSERT INTO medico VALUES(5588583,'4','Maria','Margarita','Fernandez','Fernandez',56986067331,475943,'23-08-2002',null,100,200,200,3126425,2);
INSERT INTO medico VALUES(3490261,'5','Margarita','Andrea','Cares','Urrutia',56960882196,1781280,'09-05-2011',0.15,100,500,900,5588583,3);
INSERT INTO medico VALUES(6231787,'6','Lucinda','Carmen','Soto','Figueroa','56937479887','1486384','24-08-2011',0.05,700,800,900,3490261,4);
INSERT INTO medico VALUES(6010332,'1','Rosa','Elena','Caceres','Ferrada',56918781007,1897489,'04-07-2002',null,100,500,200,5588583,5);
INSERT INTO medico VALUES(6117105,'3','Margarita','Sandra','Gutierrez','Rebolledo',56932544703,1119823,'15-05-2013',0.09,100,500,200,6010332,6);
INSERT INTO medico VALUES(6475751,'2','Basilia','Elena','Cid','Cid',56932263754,894980,'27-09-2000',0.14,100,500,200,6010332,7);
INSERT INTO medico VALUES(7327526,'1','Santos','Abelardo','Reyes','Chavez',56954933889,801945,'2-06-2008',0.14,200,500,200,6010332,8);
INSERT INTO medico VALUES(6783834,'3','Ana','Rosario','Betanzo','Gacitua',56954216826,1601029,'20-04-2014',null,400,400,400,5588583,9);
INSERT INTO medico VALUES(9169312,'7','Francisco','Cristian','Fuentes','Monsalve',56937342030,1130427,'11-12-2014',0.07,400,400,400,6783834,10);
INSERT INTO medico VALUES(14284031,'6','Luis','Guillermo','Jara','Urbina',56991869103,1719285,'25-03-2014',0.07,400,400,400,6783834,11);
INSERT INTO medico VALUES(6751207,'3','Delmira','Carmen','Sepulveda','Peña',56935221206,1062325,'05-08-2001',0.06,700,700,800,5588583,12);
INSERT INTO medico VALUES(10834039,'8','Jose','Alberto','Badilla','Leal',56939539356,1518019,'11-03-2014',null,600,700,800,6751207,13);
INSERT INTO medico VALUES(11959315,'8','Ana','Maria','Escobar','Montero',56970510282,1016910,'17-11-2014',0.2,600,700,800,6751207,14);
INSERT INTO medico VALUES(13604392,'7','Blanca','Regina','Mendoza','Rojas',56972531275,1390157,'19-02-2010',0.01,600,700,800,6751207,15);
INSERT INTO medico VALUES(14490825,'2','Gloria','Isabel','Hernandez','Zapata',56948576648,1386484,'07-12-2004',0.16,600,700,800,6751207,16);
INSERT INTO medico VALUES(4808258,'0','Policarpo','Hipolito','Urrutia','Muñoz',56995507317,959733,'14-08-2012',0.03,100,500,700,5588583,17);
INSERT INTO medico VALUES(6543007,'K','Maureen','Susan','Clemo','Turner',56954073007,1502219,'16-08-2009',null,100,500,700,4808258,18);
INSERT INTO medico VALUES(3943337,'0','Isidoro','Eduardo','Ordenes','Hormazabal',56976838623,1520643,'23-06-2000',0.03,300,800,300,5588583,19);
INSERT INTO medico VALUES(5644453,'K','Manuel','Carlos','Aravena','Fuentealba',56921581272,1958094,'28-07-2009',null,300,800,300,3943337,20);
INSERT INTO medico VALUES(10214564,'K','Viviana','Jacqueline','Alarcon','Caceres',56916304907,1499338,'15-12-2010',0.05,300,800,300,3943337,21);
INSERT INTO medico VALUES(3027750,'3','Fidel','Meri','Chavarria','Pacheco',56982239447,2144239,'16-04-2006',null,100,500,500,5588583,22);
INSERT INTO medico VALUES(9827836,'2','Jose','Gaston','Rocha','Lara',56952406038,521659,'27-01-2008',0.16,200,500,500,3027750,23);
INSERT INTO medico VALUES(11448750,'3','Maria','Nelly','Martinez','Hernandez',56929544102,1972989,'12-08-2007',null,100,500,500,3027750,24);
INSERT INTO medico VALUES(3758049,'K','Hector','Rene','Andrade','Faundez',56930378649,1604395,'03-05-2004',null,500,600,600,5588583,25);
INSERT INTO medico VALUES(5412514,'3','Maria','Magdalena','Beltran','Jaña',56971076051,966917,'15-10-2010',0.07,500,600,600,3758049,26);
INSERT INTO medico VALUES(5825975,'6','Gladys','Yolanda','Echeverria','Cifuentes',56974126261,2014845,'20-03-2002',0.07,700,600,600,3758049,27);
INSERT INTO medico VALUES(11293307,'7','Eduardo','Thomas','Castillo','Castillo',56974063821,2352622,'29-08-2003',0.05,500,600,600,3758049,28);
INSERT INTO medico VALUES(4582433,'0','Bartolome','Ignacio','Parra','Parra',56973814523,559093,'22-05-2005',0.03,400,400,100,5588583,29);
INSERT INTO medico VALUES(5693955,'5','Gabriel','Carmen','Vivallos','Riquelme',56984907703,2349570,'05-05-2015',null,200,400,100,4582433,30);
INSERT INTO medico VALUES(6135687,'8','Enrique','Carmen','Morales','Silva',56977918239,550909,'10-07-2015',0.19,400,400,100,4582433,31);
INSERT INTO medico VALUES(11292307,'9','Carlos','Alfonso','Mejias','Morales',56987653212,880396,'10-05-2014',0.12,100,300,700,5588583,32);
INSERT INTO medico VALUES(10282370,'K','Tania','Alejandra','Bahamondez','Perez',56978562321,930870,'02-08-2015',0.12,100,300,700,5588583,33);

INSERT INTO paciente VALUES(6215470,'5','Nora','Carmen','Escobar','Montero','21-07-2015',416794313,120,34);
INSERT INTO paciente VALUES(7555800,'7','Jenoveva','Carmen','Monares','Urrutia','10-09-2015',413753199,70,35);
INSERT INTO paciente VALUES(6941733,'7','Miguel','Navor','Diocares','Herrera','25-01-2013',414528259,50,36);
INSERT INTO paciente VALUES(7144708,'1','Maria','Julia','Gonzalez','Beltran','23-02-2012',414837162,90,37);
INSERT INTO paciente VALUES(2576808,'6','Jose','Jorge','Echeverria','Muñoz','08-01-2012',413706131,40,38);
INSERT INTO paciente VALUES(13770506,'0','Yasna','Elizabeth','Diaz','Cisterna','15-02-2011',413226082,20,39);
INSERT INTO paciente VALUES(15494012,'K','Soledad','Alejandra','Perez','Gallejos','17-11-2011',418253241,40,40);
INSERT INTO paciente VALUES(6400537,'5','Jose','Cardenio','Zurita','Bustamante','04-04-2006',417824064,50,41);
INSERT INTO paciente VALUES(6239966,'K','Rosa','Irenia','Beltran','Rodriguez','19-06-2005',414487222,70,42);
INSERT INTO paciente VALUES(5649139,'2','Prosperina','Mercedes','Quiroz','Valenzuela','06-03-2005',417677800,30,43);
INSERT INTO paciente VALUES(10726792,'1','Cecilia','Nieves','Carrasco','Muñoz','09-10-2004',418443858,120,44);
INSERT INTO paciente VALUES(16204720,'5','Marlene','Ivon','Gutierrez','Vasquez','16-03-2004',415901844,90,45);
INSERT INTO paciente VALUES(5820729,'2','Bernardo','Jose','Inzunza','Sepulveda','02-07-2004',412247153,10,46);
INSERT INTO paciente VALUES(12766479,'K','Maria','Pilar','Arroyo','Escobar','29-09-2002',414177253,90,47);
INSERT INTO paciente VALUES(6675981,'4','Olga','Carmen','Navarrete','Paredes','24-06-2000',416789707,100,48);
INSERT INTO paciente VALUES(4744782,'8','Jose','Santos','Torres','Muñoz','29-02-2000',415575381,90,49);
INSERT INTO paciente VALUES(9073794,'5','Cenobia','Carmen','Marin','Valenzuela','04-11-1998',413152009,110,50);
INSERT INTO paciente VALUES(7283959,'5','Hugo','Alfredo','Suazo','Riquelme','16-08-1997',415234899,30,51);
INSERT INTO paciente VALUES(8928585,'2','Gladys','Carmen','Beltran','Parra','26-08-1995',418376396,90,52);
INSERT INTO paciente VALUES(5091732,'0','Jerman','Marcelo','Escalona','Espinoza','12-05-1995',415399103,60,53);
INSERT INTO paciente VALUES(8572120,'8','Florencio','Eduardo','Suazo','Riquelme','6-07-1995',418552190,100,54);
INSERT INTO paciente VALUES(8284373,'6','Norma','Carmen','Echeverria','Echevarria','16-03-1993',418269172,80,55);
INSERT INTO paciente VALUES(9101755,'5','Maria','Leontina','Guiñez','Muñoz','19-03-1992',414895096,50,56);
INSERT INTO paciente VALUES(8671238,'5','Marina','Rosario','Carrasco','Lopez','16-04-1991',416756218,50,57);
INSERT INTO paciente VALUES(8162534,'4','Honoria','Transito','Escobar','Valenzuela','27-08-1991',418902836,60,58);
INSERT INTO paciente VALUES(4378812,'4','Julia','Iris','Chavarria','Gutierrez','05-02-1990',414424462,70,59);
INSERT INTO paciente VALUES(13604980,'1','Veronica','Yaneth','Ormeño','Heredia','13-08-1990',417688395,150,60);
INSERT INTO paciente VALUES(4426899,'K','Sergio','Rodrigo','Vasquez','Olate','02-04-1990',412725231,60,61);
INSERT INTO paciente VALUES(4884829,'K','Flor','Maria','Alvarez','Caceres','21-06-1988',416302077,130,62);
INSERT INTO paciente VALUES(4603482,'1','Berta','Ines','Gutierrez','Solar','25-11-1988',415561511,40,63);
INSERT INTO paciente VALUES(2583879,'3','Teresa','Carmen','Rivas','Espinoza','13-07-1988',412638163,50,64);
INSERT INTO paciente VALUES(7000164,'0','Juan','Pedro','Gutierrez','Jara','17-03-1987',415790075,20,65);
INSERT INTO paciente VALUES(3433444,'7','Maria','Ines','Araneda','Araneda','11-03-1985',417962039,150,66);
INSERT INTO paciente VALUES(10066612,'K','Maria','Isabel','Lobos','Araneda','3-09-1985',416499872,20,67);
INSERT INTO paciente VALUES(4389745,'4','Marta','Beatriz','Osses','Tapia','15-07-1984',415429852,20,68);
INSERT INTO paciente VALUES(11574234,'5','Jeannette','Maria','Matamala','Arroyo','12-07-1983',416346062,30,69);
INSERT INTO paciente VALUES(12165324,'9','Ana','Gabriela','Zavala','Zavala','08-05-1983',412440414,100,70);
INSERT INTO paciente VALUES(4892956,'7','Martiniano','Segundo','Quilodran','Hernandez','30-08-1983',412870010,70,71);
INSERT INTO paciente VALUES(3066256,'3','Olga','Ximena','Belmar','Lamilla','10-05-1982',412805543,130,72);
INSERT INTO paciente VALUES(5117349,'K','Hugo','Pablina','Muñoz','Figueroa','29-12-1982',417928279,10,73);
INSERT INTO paciente VALUES(9685598,'2','Victor','Manuel','Estrada','Porraz','26-09-1981',418882718,50,74);
INSERT INTO paciente VALUES(6110507,'7','Rebeca','Carmen','Sanchez','Campos','9-03-1980',413314293,10,75);
INSERT INTO paciente VALUES(5056163,'1','Florencio','Segundo','Villalobos','Constanzo','08-09-1980',412391625,170,76);
INSERT INTO paciente VALUES(6340382,'2','Adolfina','Carmen','Sazo','Arroyo','28-06-1977',415943846,20,77);
INSERT INTO paciente VALUES(10805156,'6','Mirna','Susi','Soto','Echeverria','11-09-1977',413797330,40,78);
INSERT INTO paciente VALUES(4347082,'5','Jose','Hipolito','Bobadilla','Ortega','22-09-1975',415919644,90,79);
INSERT INTO paciente VALUES(3385116,'2','Jose','Francisco','Figueroa','Castillo','17-12-1975',415432086,40,80);
INSERT INTO paciente VALUES(5738855,'2','Evarista','Carmen','Riffo','Arroyo','14-02-1974',414431983,10,81);
INSERT INTO paciente VALUES(6845014,'4','Manuel','Jesus','Muñoz','Cabezas','30-10-1972',418809142,30,82);
INSERT INTO paciente VALUES(10493740,'3','Carmela','Guacolda','Osses','Ramirez','25-11-1971',415669938,90,83);
INSERT INTO paciente VALUES(5932711,'9','Marta','Elena','Valeria','Acuña','04-10-1971',412627756,20,84);
INSERT INTO paciente VALUES(6655779,'0','Maria','Gabriela','Sanchez','Cid','11-01-1969',414121203,90,85);
INSERT INTO paciente VALUES(4396440,'2','Luis','Mario','Diaz','Contreras','25-01-1969',413424438,50,86);
INSERT INTO paciente VALUES(7603793,'0','Rina','Alme','Lavin','Escobar','16-01-1967',412803051,100,87);
INSERT INTO paciente VALUES(5643549,'2','Ramon','Antonio','Contreras','Toledo','24-02-1967',416840790,90,88);
INSERT INTO paciente VALUES(4273820,'4','Silda','Malvina','Gutierrez','Vidal','04-03-1965',414844034,40,89);
INSERT INTO paciente VALUES(5537553,'4','Elia','Lupe','Cifuentes','Cifuentes','08-03-1964',416306718,30,90);
INSERT INTO paciente VALUES(4410442,'3','Maria','Noemi','Meza','Fonseca','05-03-1962',417885246,40,91);
INSERT INTO paciente VALUES(6776358,'0','Maria','Humilde','Veloso','Burgos','10-10-1961',414616107,50,92);
INSERT INTO paciente VALUES(6603093,'8','Manuel','Humberto','Martinez','Moreno','10-10-1961',417388714,70,93);
INSERT INTO paciente VALUES(7393396,'K','Maria','Graciela','Montes','Bobadilla','04-02-1960',416915736,10,94);
INSERT INTO paciente VALUES(3632537,'2','Homero','Jorge','Gonzalez','Sanhueza','27-02-1960',412703452,20,95);
INSERT INTO paciente VALUES(5822189,'9','Sonia','Claudia','Gutierrez','Pedraza','01-03-1958',416488227,80,96);
INSERT INTO paciente VALUES(8329433,'7','Eliana','Andrea','Liempi','Liempi','29-08-1958',416116217,80,97);
INSERT INTO paciente VALUES(13604300,'5','Claudia','Soledad','Inzunza','Bravo','21-10-1957',418591075,10,98);
INSERT INTO paciente VALUES(4989000,'1','Eliana','Clotilde','Sepulveda','Peña','22-12-1957',417253732,90,99);
INSERT INTO paciente VALUES(8601391,'6','Hector','Claudio','Castillo','Castillo','20-04-1956',412428209,20,100);
INSERT INTO paciente VALUES(7599430,'3','Monica','Rosario','Sepulveda','Carrasco','3-08-1954',416716457,10,101);
INSERT INTO paciente VALUES(11959215,'1','Texia','Yaneth','Peña','Gutierrez','02-03-1953',413158388,80,102);
INSERT INTO paciente VALUES(6407635,'3','Maria','Albertina','Rivera','Soto','21-07-1953',413389873,30,103);
INSERT INTO paciente VALUES(3781561,'6','Maria','Lucila','Alarcon','Sepulveda','16-04-1952',417792292,100,104);
INSERT INTO paciente VALUES(9851387,'6','Elba','Damaris','Castillo','Castillo','08-02-1952',412959770,50,105);
INSERT INTO paciente VALUES(3900425,'9','Hernan','Eduardo','Echeverria','Juan','25-03-1950',418348244,20,106);
INSERT INTO paciente VALUES(10006101,'5','Silvia','Ivonne','Cabezas','Lopez','09-04-1949',418694997,20,107);
INSERT INTO paciente VALUES(7378093,'4','Prosperina','Ignacia','Figueroa','Becar','08-05-1949',417935482,30,108);
INSERT INTO paciente VALUES(3493962,'4','Jose','Romualdo','Romero','Romero','29-11-1949',413231391,20,109);
INSERT INTO paciente VALUES(5348333,'K','Maria','Marta','Cabezas','Arroyo','30-03-1948',412770421,10,110);
INSERT INTO paciente VALUES(5000746,'4','Ana','Maria','Cisterna','Navarro','19-12-1948',417686694,10,111);
INSERT INTO paciente VALUES(8484348,'2','Petronila','Orfelia','Escobar','Montero','06-11-1945',413588168,20,112);
INSERT INTO paciente VALUES(7800257,'3','Alfredo','Manuel','Medina','Montero','30-11-1945',416274955,30,113);
INSERT INTO paciente VALUES(8918609,'9','Rosa','Carmen','Parra','Fonseca','30-10-1944',412936524,30,114);
INSERT INTO paciente VALUES(12765836,'6','Manuel','Gonzalo','Aravena','Bobadilla','26-02-1944',418831088,20,115);
INSERT INTO paciente VALUES(7851700,'K','Rosa','Grimilda','Cardenas','Moreno','07-08-1942',417329451,10,116);
INSERT INTO paciente VALUES(3795697,'K','Nelly','Carmen','Morales','Araneda','02-10-1942',412153576,30,117);
INSERT INTO paciente VALUES(12765873,'0','Sergio','Jose','Hernandez','Zapata','19-04-1941',413307241,40,118);
INSERT INTO paciente VALUES(3562788,'K','Norma','Magdalena','Araneda','Araneda','04-08-1940',418466801,10,119);
INSERT INTO paciente VALUES(7422084,'3','Jose','Segundo','Constanzo','Caceres','09-08-1940',414665564,40,120);
INSERT INTO paciente VALUES(6415238,'6','Juan','Antonio','Medina','Medina','29-04-1940',416938824,20,121);
INSERT INTO paciente VALUES(3754747,'6','Silvio','Erasmo','Peña','Gutierrez','27-09-1940',416512973,40,122);
INSERT INTO paciente VALUES(9168286,'9','Luisa','Amalia','Chavarria','Mella','12-12-1938',413809076,20,123);
INSERT INTO paciente VALUES(14438381,'8','Jorge','Antonio','Muñoz','Lara','03-04-1938',415197075,40,124);
INSERT INTO paciente VALUES(3911077,'6','Fidelina','Carmen','Sepulveda','Vega','03-04-1936',414837119,30,125);
INSERT INTO paciente VALUES(5628094,'4','Nelly','Carmen','Torres','Sanhueza','08-07-1936',414975945,10,126);
INSERT INTO paciente VALUES(5455736,'1','Gladys','Elena','Gonzalez','Cabezas','05-06-1935',414285128,30,127);
INSERT INTO paciente VALUES(3331075,'7','Julia','Del Transito','Sobarzo','Peralta','09-03-1935',412963901,30,128);
INSERT INTO paciente VALUES(1105913,'9','Gerardo','German','Gonzalez','Bonta','10-10-1934',413321635,40,129);
INSERT INTO paciente VALUES(11959885,'0','Jose','Enrique','Vasquez','Parra','05-12-1934',414179335,30,130);
INSERT INTO paciente VALUES(4922881,'3','Irma','Maria','Garcia','Amdam','29-05-1933',413321059,10,131);
INSERT INTO paciente VALUES(6626326,'6','Hector','Raimundo','Inzunza','Quevedo','30-05-1932',416118789,40,132);
INSERT INTO paciente VALUES(6239390,'4','Rene','Heraldo','Hernandez','Amestica','19-07-1931',414404176,10,133);

INSERT INTO atencion VALUES(100,'17-04-2013','10:45',30094,6751207,1105913);
INSERT INTO atencion VALUES(101,'08-01-2016','14:30',37325,6475751,8329433);
INSERT INTO atencion VALUES(102,'04-08-2014','12:15',28251,6117105,14438381);
INSERT INTO atencion VALUES(103,'21-10-2014','15:45',43026,4808258,2583879);
INSERT INTO atencion VALUES(104,'24-04-2014','20:45',48011,6751207,4892956);
INSERT INTO atencion VALUES(105,'28-03-2016','11:15',21956,3126425,3331075);
INSERT INTO atencion VALUES(106,'18-03-2014','15:45',12545,9169312,5348333);
INSERT INTO atencion VALUES(107,'23-01-2016','20:00',26324,10834039,3385116);
INSERT INTO atencion VALUES(108,'13-06-2013','11:0',23827,6117105,11959885);
INSERT INTO atencion VALUES(109,'08-09-2013','09:45',59315,6231787,4426899);
INSERT INTO atencion VALUES(110,'05-11-2015','15:00',7427,14490825,3066256);
INSERT INTO atencion VALUES(111,'09-10-2013','10:15',13457,3126425,3493962);
INSERT INTO atencion VALUES(112,'20-07-2013','11:45',6877,3943337,5738855);
INSERT INTO atencion VALUES(113,'13-02-2013','10:30',13001,6135687,5820729);
INSERT INTO atencion VALUES(114,'09-03-2014','10:00',30891,10214564,4273820);
INSERT INTO atencion VALUES(115,'30-09-2014','14:30',13704,3027750,8601391);
INSERT INTO atencion VALUES(116,'25-01-2016','15:15',11356,3027750,5932711);
INSERT INTO atencion VALUES(117,'17-01-2015','16:00',44717,11959315,7555800);
INSERT INTO atencion VALUES(118,'02-06-2014','12:45',50882,6117105,5822189);
INSERT INTO atencion VALUES(119,'25-10-2015','17:00',11824,9169312,3493962);
INSERT INTO atencion VALUES(120,'28-03-2016','16:00',11351,6783834,6415238);
INSERT INTO atencion VALUES(121,'29-05-2013','19:00',7669,3027750,13604300);
INSERT INTO atencion VALUES(122,'06-03-2014','13:45',34663,9827836,2576808);
INSERT INTO atencion VALUES(123,'04-02-2015','20:15',58292,6475751,4378812);
INSERT INTO atencion VALUES(124,'17-06-2013','15:45',19456,11959315,5932711);
INSERT INTO atencion VALUES(125,'07-01-2014','15:45',19314,14284031,7000164);
INSERT INTO atencion VALUES(126,'03-04-2014','13:45',3933,9169312,5056163);
INSERT INTO atencion VALUES(127,'15-05-2013','12:00',37813,6751207,8284373);
INSERT INTO atencion VALUES(128,'26-02-2016','09:45',14372,9827836,4884829);
INSERT INTO atencion VALUES(129,'04-01-2016','16:45',23090,11448750,3331075);
INSERT INTO atencion VALUES(130,'06-01-2015','15:30',19205,14490825,7000164);
INSERT INTO atencion VALUES(131,'24-12-2013','17:00',5460,6751207,7599430);
INSERT INTO atencion VALUES(132,'29-07-2013','19:30',47940,6117105,8162534);
INSERT INTO atencion VALUES(133,'17-03-2016','13:15',30117,13604392,6215470);
INSERT INTO atencion VALUES(134,'17-08-2013','17:00',40475,10834039,8671238);
INSERT INTO atencion VALUES(135,'28-02-2016','09:45',56852,6475751,7144708);
INSERT INTO atencion VALUES(136,'17-04-2015','15:45',60640,11448750,6941733);
INSERT INTO atencion VALUES(137,'04-10-2014','10:30',16349,13604392,6415238);
INSERT INTO atencion VALUES(138,'01-07-2013','13:45',14260,4582433,6239390);
INSERT INTO atencion VALUES(139,'10-01-2016','15:00',63732,5693955,4744782);
INSERT INTO atencion VALUES(140,'26-06-2014','15:45',43268,14490825,4378812);
INSERT INTO atencion VALUES(141,'12-07-2013','14:30',49647,3027750,8162534);
INSERT INTO atencion VALUES(142,'22-06-2013','20:30',54687,3027750,4396440);
INSERT INTO atencion VALUES(143,'01-03-2013','17:00',15863,3490261,5455736);
INSERT INTO atencion VALUES(144,'24-03-2016','15:15',33310,6010332,9073794);
INSERT INTO atencion VALUES(145,'29-02-2016','16:00',13088,5412514,6340382);
INSERT INTO atencion VALUES(146,'26-01-2016','19:45',36855,6117105,16204720);
INSERT INTO atencion VALUES(147,'04-03-2016','13:30',6968,6751207,5000746);
INSERT INTO atencion VALUES(148,'05-06-2014','11:45',14527,4582433,5348333);
INSERT INTO atencion VALUES(149,'07-06-2014','12:00',17337,4582433,3632537);
INSERT INTO atencion VALUES(150,'20-12-2014','13:15',18015,3490261,9168286);
INSERT INTO atencion VALUES(151,'05-03-2013','15:00',14248,5588583,7393396);
INSERT INTO atencion VALUES(152,'14-07-2014','18:15',10804,7327526,12765836);
INSERT INTO atencion VALUES(153,'19-07-2013','18:15',32494,4808258,7422084);
INSERT INTO atencion VALUES(154,'23-03-2013','18:30',36151,11959315,8162534);
INSERT INTO atencion VALUES(155,'23-08-2013','16:00',16843,5644453,8484348);
INSERT INTO atencion VALUES(156,'11-12-2013','17:00',32612,10214564,4410442);
INSERT INTO atencion VALUES(157,'19-04-2013','20:00',16270,3126425,11574234);
INSERT INTO atencion VALUES(158,'23-02-2016','12:00',10696,3126425,6110507);
INSERT INTO atencion VALUES(159,'13-01-2014','15:45',53095,10834039,16204720);
INSERT INTO atencion VALUES(160,'24-05-2014','13:30',22442,11293307,6845014);
INSERT INTO atencion VALUES(161,'15-12-2015','09:15',46137,4808258,6776358);
INSERT INTO atencion VALUES(162,'04-04-2013','17:15',14995,13604392,5056163);
INSERT INTO atencion VALUES(163,'16-02-2014','09:45',11122,11959315,12765836);
INSERT INTO atencion VALUES(164,'10-01-2016','15:45',29874,3758049,4410442);
INSERT INTO atencion VALUES(165,'11-11-2015','19:15',60325,6010332,11959215);
INSERT INTO atencion VALUES(166,'15-01-2013','15:00',31662,11448750,12765873);
INSERT INTO atencion VALUES(167,'21-09-2013','14:45',54681,3126425,6655779);
INSERT INTO atencion VALUES(168,'19-07-2013','19:15',7218,3758049,7393396);
INSERT INTO atencion VALUES(169,'11-10-2013','18:00',44941,14284031,9851387);
INSERT INTO atencion VALUES(170,'13-12-2014','16:30',57459,5644453,4378812);
INSERT INTO atencion VALUES(171,'03-10-2013','17:00',22242,5588583,11574234);
INSERT INTO atencion VALUES(172,'22-05-2015','14:15',16914,9169312,11959885);
INSERT INTO atencion VALUES(173,'12-10-2013','17:00',10384,5412514,13604300);
INSERT INTO atencion VALUES(174,'02-12-2013','09:45',64439,3490261,6239966);
INSERT INTO atencion VALUES(175,'04-09-2014','14:00',54959,5588583,16204720);
INSERT INTO atencion VALUES(176,'19-01-2013','18:30',38282,14490825,6400537);
INSERT INTO atencion VALUES(177,'12-07-2013','11:30',16245,4808258,10006101);
INSERT INTO atencion VALUES(178,'10-08-2013','14:30',21259,6135687,5455736);
INSERT INTO atencion VALUES(179,'11-06-2015','15:45',14337,10834039,3493962);
INSERT INTO atencion VALUES(180,'01-05-2013','16:45',52145,6231787,10493740);
INSERT INTO atencion VALUES(181,'12-11-2013','13:00',49583,7327526,16204720);
INSERT INTO atencion VALUES(182,'09-02-2013','17:30',53843,6231787,9685598);
INSERT INTO atencion VALUES(183,'16-07-2013','12:15',25634,6475751,4273820);
INSERT INTO atencion VALUES(184,'25-02-2014','15:00',44346,6751207,6603093);
INSERT INTO atencion VALUES(185,'30-01-2016','18:00',52586,7327526,6603093);
INSERT INTO atencion VALUES(186,'17-02-2016','09:15',21989,7327526,3433444);
INSERT INTO atencion VALUES(187,'16-02-2013','10:30',61799,11959315,10726792);
INSERT INTO atencion VALUES(188,'04-03-2014','16:15',60725,14284031,5091732);
INSERT INTO atencion VALUES(189,'13-01-2015','12:30',42571,14284031,9101755);
INSERT INTO atencion VALUES(190,'23-09-2014','19:30',18044,4582433,4389745);
INSERT INTO atencion VALUES(191,'21-12-2014','17:45',9549,6751207,5056163);
INSERT INTO atencion VALUES(192,'25-12-2013','13:45',55587,6117105,4347082);
INSERT INTO atencion VALUES(193,'27-11-2013','13:30',16581,4808258,7000164);
INSERT INTO atencion VALUES(194,'12-03-2014','17:00',41381,10834039,16204720);
INSERT INTO atencion VALUES(195,'03-06-2016','18:45',8482,5825975,6110507);
INSERT INTO atencion VALUES(196,'27-01-2016','14:15',18443,6751207,5537553);
INSERT INTO atencion VALUES(197,'02-03-2013','14:00',23350,3758049,11574234);
INSERT INTO atencion VALUES(198,'06-12-2015','20:00',57098,5412514,4378812);
INSERT INTO atencion VALUES(199,'05-04-2015','17:30',16502,4582433,6340382);
INSERT INTO atencion VALUES(200,'29-09-2013','15:30',16621,6543007,8918609);
INSERT INTO atencion VALUES(201,'27-04-2013','14:30',12390,6543007,13770506);
INSERT INTO atencion VALUES(202,'05-03-2016','12:15',25129,5588583,6626326);
INSERT INTO atencion VALUES(203,'21-03-2014','19:30',26737,6475751,3754747);
INSERT INTO atencion VALUES(204,'29-05-2014','14:15',8964,6475751,13604980);
INSERT INTO atencion VALUES(205,'29-08-2013','15:45',15798,5588583,6407635);
INSERT INTO atencion VALUES(206,'30-07-2013','14:45',11713,7327526,13770506);
INSERT INTO atencion VALUES(207,'13-10-2014','14:00',40849,11448750,4426899);
INSERT INTO atencion VALUES(208,'13-04-2013','14:15',13043,6135687,9168286);
INSERT INTO atencion VALUES(209,'16-06-2015','17:30',58280,10834039,4744782);
INSERT INTO atencion VALUES(210,'17-03-2016','10:00',24883,3490261,7283959);
INSERT INTO atencion VALUES(211,'22-06-2013','17:00',3634,3758049,5348333);
INSERT INTO atencion VALUES(212,'30-08-2014','09:45',64596,4808258,4892956);
INSERT INTO atencion VALUES(213,'03-03-2014','15:00',59560,5825975,8329433);
INSERT INTO atencion VALUES(214,'30-11-2014','13:30',13402,11448750,5932711);
INSERT INTO atencion VALUES(215,'27-01-2014','18:45',15393,4808258,3331075);
INSERT INTO atencion VALUES(216,'11-11-2013','09:30',8701,5644453,3562788);
INSERT INTO atencion VALUES(217,'18-05-2013','09:30',33532,3758049,10805156);
INSERT INTO atencion VALUES(218,'24-12-2014','14:45',30420,5588583,4410442);
INSERT INTO atencion VALUES(219,'13-02-2016','13:00',13546,6010332,5820729);
INSERT INTO atencion VALUES(220,'08-08-2014','13:00',42495,3126425,12766479);
INSERT INTO atencion VALUES(221,'12-01-2016','15:15',42441,11959315,4892956);
INSERT INTO atencion VALUES(222,'20-07-2014','09:15',40100,9827836,9101755);
INSERT INTO atencion VALUES(223,'23-07-2014','17:15',35611,5825975,8162534);
INSERT INTO atencion VALUES(224,'20-11-2013','19:45',62937,5825975,8284373);
INSERT INTO atencion VALUES(225,'15-11-2013','18:15',43176,11448750,4892956);
INSERT INTO atencion VALUES(226,'25-09-2015','18:00',18768,9169312,5537553);
INSERT INTO atencion VALUES(227,'09-06-2014','13:00',13517,5644453,6239390);
INSERT INTO atencion VALUES(228,'18-01-2013','16:15',20064,5644453,3911077);
INSERT INTO atencion VALUES(229,'18-03-2013','10:15',57894,10834039,6941733);
INSERT INTO atencion VALUES(230,'04-10-2014','15:15',38243,4582433,9101755);
INSERT INTO atencion VALUES(231,'18-10-2015','12:30',14018,6783834,3493962);
INSERT INTO atencion VALUES(232,'18-11-2015','19:30',50303,4808258,4892956);
INSERT INTO atencion VALUES(233,'10-02-2016','10:15',14284,5588583,7599430);
INSERT INTO atencion VALUES(234,'08-09-2015','14:30',26319,11448750,3754747);
INSERT INTO atencion VALUES(235,'26-05-2013','11:00',18594,6783834,3433444);
INSERT INTO atencion VALUES(236,'05-11-2013','17:45',38944,14490825,8928585);
INSERT INTO atencion VALUES(237,'04-07-2013','13:30',13832,14284031,10006101);
INSERT INTO atencion VALUES(238,'30-09-2013','17:30',62765,6117105,9101755);
INSERT INTO atencion VALUES(239,'09-03-2016','09:15',58973,6543007,6655779);
INSERT INTO atencion VALUES(240,'26-04-2014','10:00',11089,5644453,8601391);
INSERT INTO atencion VALUES(241,'06-03-2013','13:00',28135,13604392,6626326);
INSERT INTO atencion VALUES(242,'24-01-2013','09:00',59650,9827836,8928585);
INSERT INTO atencion VALUES(243,'25-11-2015','10:30',47570,3027750,9851387);
INSERT INTO atencion VALUES(244,'22-03-2013','09:15',24516,4582433,3433444);
INSERT INTO atencion VALUES(245,'08-10-2014','17:30',15831,5825975,10006101);
INSERT INTO atencion VALUES(246,'11-09-2014','18:00',47489,14490825,6239966);
INSERT INTO atencion VALUES(247,'29-08-2014','17:45',55667,3126425,16204720);
INSERT INTO atencion VALUES(248,'19-09-2014','09:00',12563,3027750,4922881);
INSERT INTO atencion VALUES(249,'26-02-2016','11:15',17580,6751207,4389745);
INSERT INTO atencion VALUES(250,'10-09-2015','20:00',14935,4582433,6110507);
INSERT INTO atencion VALUES(251,'16-10-2014','13:30',29772,3126425,6626326);
INSERT INTO atencion VALUES(252,'23-01-2016','09:00',33800,11293307,2576808);
INSERT INTO atencion VALUES(253,'06-02-2013','15:30',4759,5644453,3562788);
INSERT INTO atencion VALUES(254,'17-02-2015','09:45',27447,6231787,4603482);
INSERT INTO atencion VALUES(255,'18-06-2013','13:15',17896,5825975,9168286);
INSERT INTO atencion VALUES(256,'12-03-2016','11:30',14256,10834039,10006101);
INSERT INTO atencion VALUES(257,'17-03-2013','13:15',24393,13604392,7283959);
INSERT INTO atencion VALUES(258,'28-02-2016','18:45',33379,6751207,7422084);
INSERT INTO atencion VALUES(259,'25-05-2013','18:00',25637,6117105,1105913);
INSERT INTO atencion VALUES(260,'21-11-2013','18:00',52231,11293307,9101755);
INSERT INTO atencion VALUES(261,'14-01-2016','11:45',50705,3490261,5091732);
INSERT INTO atencion VALUES(262,'19-11-2014','09:00',6598,5693955,7599430);
INSERT INTO atencion VALUES(263,'25-08-2013','14:30',63528,14284031,12766479);
INSERT INTO atencion VALUES(264,'14-03-2013','13:00',10022,3758049,5820729);
INSERT INTO atencion VALUES(265,'25-03-2016','13:15',11504,3490261,5738855);
INSERT INTO atencion VALUES(266,'18-06-2014','09:30',34752,5644453,7422084);
INSERT INTO atencion VALUES(267,'29-07-2013','15:15',11493,3126425,6340382);
INSERT INTO atencion VALUES(268,'01-02-2016','17:45',38153,9169312,6655779);
INSERT INTO atencion VALUES(269,'23-11-2013','19:45',56598,10834039,4378812);
INSERT INTO atencion VALUES(270,'03-05-2014','13:00',55768,6135687,5643549);
INSERT INTO atencion VALUES(271,'26-06-2014','17:00',18072,6783834,7800257);
INSERT INTO atencion VALUES(272,'01-08-2014','12:30',41708,6475751,6239966);
INSERT INTO atencion VALUES(273,'10-11-2013','18:00',10408,10834039,3900425);
INSERT INTO atencion VALUES(274,'11-11-2013','18:30',51144,5588583,5643549);
INSERT INTO atencion VALUES(275,'23-11-2014','13:45',43655,7327526,8928585);
INSERT INTO atencion VALUES(276,'24-01-2013','15:45',21880,6010332,3433444);
INSERT INTO atencion VALUES(277,'17-08-2014','13:15',15207,6231787,7378093);
INSERT INTO atencion VALUES(278,'17-09-2014','19:15',15680,6751207,7283959);
INSERT INTO atencion VALUES(279,'05-05-2016','13:30',17141,6543007,5649139);
INSERT INTO atencion VALUES(280,'07-01-2016','10:30',18930,3943337,7800257);
INSERT INTO atencion VALUES(281,'26-02-2014','10:30',19273,3027750,6845014);
INSERT INTO atencion VALUES(282,'04-10-2015','18:15',17522,3943337,8918609);
INSERT INTO atencion VALUES(283,'04-03-2016','10:45',9924,4582433,6110507);
INSERT INTO atencion VALUES(284,'05-05-2014','13:15',36640,5825975,4347082);
INSERT INTO atencion VALUES(285,'03-04-2013','18:15',16389,3758049,4884829);
INSERT INTO atencion VALUES(286,'06-02-2013','18:45',15944,6010332,5649139);
INSERT INTO atencion VALUES(287,'09-03-2016','11:45',24431,6135687,7800257);
INSERT INTO atencion VALUES(288,'12-07-2015','17:00',50766,3490261,6941733);
INSERT INTO atencion VALUES(289,'30-06-2014','18:15',60861,6543007,5643549);
INSERT INTO atencion VALUES(290,'05-09-2015','13:15',37837,6751207,16204720);
INSERT INTO atencion VALUES(291,'02-06-2015','18:30',46795,6135687,7144708);
INSERT INTO atencion VALUES(292,'13-02-2016','11:15',42851,7327526,6400537);
INSERT INTO atencion VALUES(293,'10-03-2016','18:45',14964,6783834,5117349);
INSERT INTO atencion VALUES(294,'09-08-2014','16:30',17529,7327526,7378093);
INSERT INTO atencion VALUES(295,'17-04-2013','10:30',10700,5412514,10006101);
INSERT INTO atencion VALUES(296,'06-01-2016','11:45',12548,6135687,3493962);
INSERT INTO atencion VALUES(297,'20-07-2013','13:45',22905,6010332,7378093);
INSERT INTO atencion VALUES(298,'01-08-2015','16:15',52312,3027750,4378812);
INSERT INTO atencion VALUES(299,'08-03-2013','10:15',3988,6231787,5820729);
INSERT INTO atencion VALUES(300,'01-03-2015','11:30',61573,11959315,6239966);
INSERT INTO atencion VALUES(301,'22-01-2016','17:45',6008,10214564,5000746);
INSERT INTO atencion VALUES(302,'27-01-2014','20:30',33035,6117105,6215470);
INSERT INTO atencion VALUES(303,'30-03-2016','17:30',32579,6117105,3385116);
INSERT INTO atencion VALUES(304,'16-01-2016','16:00',9435,7327526,5738855);
INSERT INTO atencion VALUES(305,'25-03-2015','09:00',12560,3943337,5117349);
INSERT INTO atencion VALUES(306,'19-03-2014','15:30',31723,6543007,9073794);
INSERT INTO atencion VALUES(307,'19-07-2014','13:30',12581,6475751,10066612);
INSERT INTO atencion VALUES(308,'05-11-2013','15:30',27056,10834039,6215470);
INSERT INTO atencion VALUES(309,'21-11-2014','19:45',20657,9169312,11959885);
INSERT INTO atencion VALUES(310,'15-01-2013','18:15',12112,9169312,7851700);
INSERT INTO atencion VALUES(311,'23-11-2014','17:00',35989,6117105,9685598);
INSERT INTO atencion VALUES(312,'10-10-2015','11:30',10248,10214564,8484348);
INSERT INTO atencion VALUES(313,'03-08-2014','20:15',25025,10834039,2576808);
INSERT INTO atencion VALUES(314,'28-02-2013','16:15',56144,14284031,9851387);
INSERT INTO atencion VALUES(315,'03-02-2016','16:15',62981,6010332,5091732);
INSERT INTO atencion VALUES(316,'01-06-2014','10:30',18610,4582433,7000164);
INSERT INTO atencion VALUES(317,'15-09-2013','17:15',18121,13604392,10006101);
INSERT INTO atencion VALUES(318,'10-09-2013','13:15',4628,4808258,7393396);
INSERT INTO atencion VALUES(319,'21-01-2016','10:30',10481,3126425,3066256);
INSERT INTO atencion VALUES(320,'08-07-2013','11:45',25190,5412514,3754747);
INSERT INTO atencion VALUES(321,'14-02-2013','10:30',33116,11448750,4273820);
INSERT INTO atencion VALUES(322,'21-05-2014','09:00',13040,3027750,5932711);
INSERT INTO atencion VALUES(323,'29-07-2015','20:45',7202,5693955,7599430);
INSERT INTO atencion VALUES(324,'04-05-2013','09:45',50362,14490825,6941733);
INSERT INTO atencion VALUES(325,'18-08-2014','13:45',9506,6783834,4922881);
INSERT INTO atencion VALUES(326,'25-05-2013','15:45',43297,3027750,5822189);
INSERT INTO atencion VALUES(327,'26-03-2016','15:15',22948,7327526,3911077);
INSERT INTO atencion VALUES(328,'05-10-2013','13:45',12772,5588583,6415238);
INSERT INTO atencion VALUES(329,'17-01-2013','10:00',14582,5825975,7599430);
INSERT INTO atencion VALUES(330,'21-03-2014','14:30',13390,11448750,10006101);
INSERT INTO atencion VALUES(331,'14-07-2013','12:30',22593,6543007,7378093);
INSERT INTO atencion VALUES(332,'07-02-2014','12:00',12445,6475751,6239390);
INSERT INTO atencion VALUES(333,'03-03-2013','18:30',12766,6475751,6415238);
INSERT INTO atencion VALUES(334,'15-02-2016','18:30',22305,11448750,8918609);
INSERT INTO atencion VALUES(335,'11-01-2016','12:15',22250,5693955,6407635);
INSERT INTO atencion VALUES(336,'02-03-2013','12:30',37544,7327526,7144708);
INSERT INTO atencion VALUES(337,'03-02-2016','15:00',39229,3126425,5091732);
INSERT INTO atencion VALUES(338,'27-01-2016','09:15',15732,6010332,6407635);
INSERT INTO atencion VALUES(339,'14-04-2013','16:45',29257,3027750,15494012);
INSERT INTO atencion VALUES(340,'08-03-2016','13:30',16883,6783834,5932711);
INSERT INTO atencion VALUES(341,'17-02-2014','10:00',15356,11959315,9168286);
INSERT INTO atencion VALUES(342,'19-03-2013','11:45',46341,6751207,9851387);
INSERT INTO atencion VALUES(343,'10-01-2014','16:15',12457,14284031,4884829);
INSERT INTO atencion VALUES(344,'14-07-2015','12:45',55013,10214564,8329433);
INSERT INTO atencion VALUES(345,'08-08-2013','19:00',33542,5412514,10805156);
INSERT INTO atencion VALUES(346,'02-02-2016','15:00',3858,14284031,5117349);
INSERT INTO atencion VALUES(347,'19-01-2016','09:15',29262,3126425,4410442);
INSERT INTO atencion VALUES(348,'07-03-2016','12:45',50885,6231787,10726792);
INSERT INTO atencion VALUES(349,'26-05-2013','15:30',28781,6475751,4273820);
INSERT INTO atencion VALUES(350,'10-06-2014','11:45',48628,3943337,16204720);
INSERT INTO atencion VALUES(351,'12-02-2016','18:30',51287,11448750,8329433);
INSERT INTO atencion VALUES(352,'12-08-2015','17:15',9906,9827836,13604300);
INSERT INTO atencion VALUES(353,'25-01-2016','09:15',13736,9169312,5056163);
INSERT INTO atencion VALUES(354,'07-04-2013','20:45',50165,3943337,7555800);
INSERT INTO atencion VALUES(355,'28-02-2013','16:30',2813,5644453,13604300);
INSERT INTO atencion VALUES(356,'02-09-2014','11:00',11129,6231787,6415238);
INSERT INTO atencion VALUES(357,'02-03-2016','14:30',46075,5693955,4892956);
INSERT INTO atencion VALUES(358,'29-02-2016','11:15',9454,4582433,7393396);
INSERT INTO atencion VALUES(359,'15-10-2013','10:15',9846,13604392,6110507);
INSERT INTO atencion VALUES(360,'23-05-2013','13:45',50274,6475751,12766479);
INSERT INTO atencion VALUES(361,'28-03-2013','15:15',16890,3027750,3433444);
INSERT INTO atencion VALUES(362,'09-09-2014','10:15',13244,5412514,7393396);
INSERT INTO atencion VALUES(363,'03-05-2014','11:30',13157,6117105,12765836);
INSERT INTO atencion VALUES(364,'08-08-2015','10:15',54810,9827836,5822189);
INSERT INTO atencion VALUES(365,'25-06-2015','15:30',12450,11293307,10066612);
INSERT INTO atencion VALUES(366,'25-03-2014','14:00',55421,14284031,9685598);
INSERT INTO atencion VALUES(367,'16-01-2015','19:00',40977,10834039,8329433);
INSERT INTO atencion VALUES(368,'30-08-2013','18:45',10697,14490825,5056163);
INSERT INTO atencion VALUES(369,'03-01-2016','10:30',7218,7327526,5056163);
INSERT INTO atencion VALUES(370,'30-06-2013','11:15',12739,3027750,10066612);
INSERT INTO atencion VALUES(371,'15-01-2016','20:30',61128,3126425,5643549);
INSERT INTO atencion VALUES(372,'27-01-2016','13:00',24383,7327526,7283959);
INSERT INTO atencion VALUES(373,'12-07-2013','11:00',8704,5644453,5738855);
INSERT INTO atencion VALUES(374,'27-01-2014','20:15',22832,3126425,3795697);
INSERT INTO atencion VALUES(375,'27-12-2014','11:15',7731,9169312,7851700);
INSERT INTO atencion VALUES(376,'20-03-2016','14:00',17888,3027750,4389745);
INSERT INTO atencion VALUES(377,'16-10-2015','15:45',55500,3490261,6603093);
INSERT INTO atencion VALUES(378,'18-02-2016','18:00',48197,6231787,6655779);
INSERT INTO atencion VALUES(379,'25-08-2013','18:15',6505,5693955,7851700);
INSERT INTO atencion VALUES(380,'29-07-2013','14:00',55120,14284031,10493740);
INSERT INTO atencion VALUES(381,'08-01-2013','15:00',45878,5644453,9851387);
INSERT INTO atencion VALUES(382,'11-04-2015','14:30',46728,5825975,9101755);
INSERT INTO atencion VALUES(383,'24-01-2016','17:45',44604,6475751,4744782);
INSERT INTO atencion VALUES(384,'02-12-2014','11:30',36144,6117105,6239966);
INSERT INTO atencion VALUES(385,'14-01-2016','09:15',30052,9169312,3385116);
INSERT INTO atencion VALUES(386,'06-07-2014','20:45',13913,11959315,6340382);
INSERT INTO atencion VALUES(387,'20-03-2016','19:30',48535,4582433,5091732);
INSERT INTO atencion VALUES(388,'17-11-2015','19:30',15946,14490825,3900425);
INSERT INTO atencion VALUES(389,'24-09-2013','11:15',2885,11293307,5000746);
INSERT INTO atencion VALUES(390,'02-07-2014','13:30',33807,10834039,4410442);
INSERT INTO atencion VALUES(391,'16-02-2016','18:15',50268,6783834,5822189);
INSERT INTO atencion VALUES(392,'02-02-2016','18:15',47262,9169312,9685598);
INSERT INTO atencion VALUES(393,'18-11-2015','13:45',53679,4808258,8671238);
INSERT INTO atencion VALUES(394,'23-10-2013','15:45',24870,5825975,11574234);
INSERT INTO atencion VALUES(395,'05-01-2016','11:15',42793,11959315,9685598);
INSERT INTO atencion VALUES(396,'04-01-2013','15:30',18368,3490261,11959885);
INSERT INTO atencion VALUES(397,'07-03-2014','14:45',26252,6751207,4273820);
INSERT INTO atencion VALUES(398,'16-02-2014','12:45',35912,5693955,6239966);
INSERT INTO atencion VALUES(399,'07-12-2014','16:45',11230,5412514,7000164);
INSERT INTO atencion VALUES(400,'09-02-2016','17:15',19023,5693955,8601391);
INSERT INTO atencion VALUES(401,'15-02-2014','18:00',3702,3758049,5820729);
INSERT INTO atencion VALUES(402,'02-07-2014','11:00',13900,3943337,13770506);
INSERT INTO atencion VALUES(403,'12-10-2013','18:15',57156,3490261,7144708);
INSERT INTO atencion VALUES(404,'06-12-2013','14:30',17159,11293307,4884829);
INSERT INTO atencion VALUES(405,'29-01-2016','15:15',11206,3027750,13604980);
INSERT INTO atencion VALUES(406,'18-03-2016','19:00',59633,11448750,4989000);
INSERT INTO atencion VALUES(407,'11-01-2014','14:45',12892,7327526,9168286);
INSERT INTO atencion VALUES(408,'18-02-2013','11:00',4374,9827836,7393396);
INSERT INTO atencion VALUES(409,'07-06-2013','17:00',19600,11448750,11959885);
INSERT INTO atencion VALUES(410,'23-11-2014','09:00',49213,6543007,8329433);
INSERT INTO atencion VALUES(411,'05-05-2013','17:00',49762,11293307,8329433);
INSERT INTO atencion VALUES(412,'25-02-2016','12:15',28006,5825975,6626326);
INSERT INTO atencion VALUES(413,'01-08-2014','09:00',16077,9169312,12765836);
INSERT INTO atencion VALUES(414,'10-01-2013','19:45',31771,6117105,15494012);
INSERT INTO atencion VALUES(415,'22-05-2013','12:00',46303,3027750,9685598);
INSERT INTO atencion VALUES(416,'15-09-2014','17:00',32736,6231787,3385116);
INSERT INTO atencion VALUES(417,'03-09-2014','13:00',16402,9827836,7000164);
INSERT INTO atencion VALUES(418,'06-07-2013','11:15',15912,14284031,7000164);
INSERT INTO atencion VALUES(419,'09-09-2013','15:30',45094,6543007,8928585);
INSERT INTO atencion VALUES(420,'23-09-2013','09:30',10476,4582433,7851700);
INSERT INTO atencion VALUES(421,'25-12-2014','10:00',17561,14284031,3493962);
INSERT INTO atencion VALUES(422,'08-01-2016','17:30',15333,6135687,9168286);
INSERT INTO atencion VALUES(423,'03-06-2014','11:45',8651,11293307,6110507);
INSERT INTO atencion VALUES(424,'02-01-2013','18:30',44042,6231787,6603093);
INSERT INTO atencion VALUES(425,'02-08-2015','12:30',45588,6231787,8284373);
INSERT INTO atencion VALUES(426,'20-11-2013','09:45',3052,4808258,5000746);
INSERT INTO atencion VALUES(427,'16-07-2014','11:15',22501,7327526,8918609);
INSERT INTO atencion VALUES(428,'13-01-2015','15:30',50222,9827836,6776358);
INSERT INTO atencion VALUES(429,'28-02-2013','18:30',19522,7327526,7000164);
INSERT INTO atencion VALUES(430,'23-11-2014','18:15',42828,5825975,6941733);
INSERT INTO atencion VALUES(431,'19-10-2013','18:15',63041,7327526,5091732);
INSERT INTO atencion VALUES(432,'20-03-2016','20:30',28653,3758049,12765873);
INSERT INTO atencion VALUES(433,'08-07-2014','18:15',28398,10834039,9073794);
INSERT INTO atencion VALUES(434,'05-08-2014','16:15',51733,6543007,6941733);
INSERT INTO atencion VALUES(435,'19-01-2014','10:15',10180,5588583,10006101);
INSERT INTO atencion VALUES(436,'09-11-2015','12:00',25656,6475751,6626326);
INSERT INTO atencion VALUES(437,'29-10-2014','10:30',41297,6135687,4989000);
INSERT INTO atencion VALUES(438,'04-08-2014','12:30',41383,6783834,4989000);
INSERT INTO atencion VALUES(439,'17-02-2016','09:00',11410,13604392,3900425);
INSERT INTO atencion VALUES(440,'03-01-2016','15:15',10370,3758049,10066612);
INSERT INTO atencion VALUES(441,'18-08-2013','13:15',53780,5825975,6655779);
INSERT INTO atencion VALUES(442,'08-03-2016','11:45',11017,5825975,8484348);
INSERT INTO atencion VALUES(443,'25-05-2013','16:00',10377,9827836,5056163);
INSERT INTO atencion VALUES(444,'12-05-2014','16:00',33081,11959315,4273820);
INSERT INTO atencion VALUES(445,'11-02-2016','10:15',27901,4582433,12765873);
INSERT INTO atencion VALUES(446,'01-03-2014','12:45',62707,6751207,8329433);
INSERT INTO atencion VALUES(447,'02-01-2016','15:30',47596,4582433,4347082);
INSERT INTO atencion VALUES(448,'14-05-2015','18:15',46474,10834039,6400537);
INSERT INTO atencion VALUES(449,'05-03-2016','09:00',60380,5412514,12766479);
INSERT INTO atencion VALUES(450,'20-06-2015','16:30',16925,6543007,7283959);
INSERT INTO atencion VALUES(451,'22-09-2015','13:30',16734,6231787,3433444);
INSERT INTO atencion VALUES(452,'24-03-2014','15:00',11348,6231787,10006101);
INSERT INTO atencion VALUES(453,'25-02-2013','16:00',18846,4582433,3795697);
INSERT INTO atencion VALUES(454,'09-07-2015','11:15',22243,6751207,7378093);
INSERT INTO atencion VALUES(456,'09-10-2015','19:15',58981,7327526,6400537);
INSERT INTO atencion VALUES(457,'02-02-2016','19:45',6705,5825975,13604980);
INSERT INTO atencion VALUES(458,'05-10-2015','17:30',19939,9827836,3331075);
INSERT INTO atencion VALUES(459,'01-07-2014','10:15',17346,6543007,3632537);
INSERT INTO atencion VALUES(460,'07-07-2013','11:30',14977,6783834,13604300);
INSERT INTO atencion VALUES(461,'02-07-2013','14:15',39560,13604392,4744782);
INSERT INTO atencion VALUES(462,'03-01-2016','11:30',37562,3126425,8329433);
INSERT INTO atencion VALUES(463,'11-02-2013','18:45',28131,3490261,10805156);
INSERT INTO atencion VALUES(464,'20-03-2016','16:15',18540,11448750,11959885);
INSERT INTO atencion VALUES(465,'07-11-2014','18:00',61784,4808258,6655779);
INSERT INTO atencion VALUES(466,'29-05-2014','17:45',4910,6231787,13604980);
INSERT INTO atencion VALUES(467,'04-02-2016','11:15',50552,6010332,12766479);
INSERT INTO atencion VALUES(468,'03-03-2013','20:15',50930,9827836,16204720);
INSERT INTO atencion VALUES(469,'10-04-2014','12:15',33068,4582433,3385116);
INSERT INTO atencion VALUES(470,'12-01-2016','19:30',32628,3490261,6215470);
INSERT INTO atencion VALUES(471,'23-06-2014','11:30',44930,4808258,5643549);
INSERT INTO atencion VALUES(472,'03-05-2014','14:30',10174,6117105,9168286);
INSERT INTO atencion VALUES(473,'18-04-2015','09:00',15986,9827836,6415238);
INSERT INTO atencion VALUES(474,'24-04-2013','18:30',61147,11448750,16204720);
INSERT INTO atencion VALUES(475,'01-02-2014','17:00',38515,14284031,9685598);
INSERT INTO atencion VALUES(476,'26-03-2016','17:30',28705,7327526,6215470);
INSERT INTO atencion VALUES(477,'09-10-2013','18:30',52878,11293307,4426899);
INSERT INTO atencion VALUES(478,'19-02-2016','16:45',20445,3943337,11959885);
INSERT INTO atencion VALUES(479,'15-05-2013','16:15',23571,6117105,11959885);
INSERT INTO atencion VALUES(480,'02-02-2014','16:15',16371,6135687,4884829);
INSERT INTO atencion VALUES(481,'09-01-2016','16:45',8245,7327526,6239390);
INSERT INTO atencion VALUES(482,'16-03-2014','12:30',24238,10834039,5649139);
INSERT INTO atencion VALUES(483,'25-04-2014','12:15',13280,7327526,6239390);
INSERT INTO atencion VALUES(484,'17-07-2013','16:15',62962,3758049,10493740);
INSERT INTO atencion VALUES(485,'02-07-2013','17:00',19111,14490825,3493962);
INSERT INTO atencion VALUES(486,'13-01-2013','13:45',48595,6475751,7555800);
INSERT INTO atencion VALUES(487,'03-06-2013','18:15',49037,14490825,10493740);
INSERT INTO atencion VALUES(488,'24-07-2014','12:30',23748,5644453,7800257);
INSERT INTO atencion VALUES(489,'10-02-2014','14:30',9135,3490261,6239390);
INSERT INTO atencion VALUES(490,'04-08-2014','16:00',17732,6231787,13770506);
INSERT INTO atencion VALUES(491,'17-01-2016','17:30',45711,11959315,8162534);
INSERT INTO atencion VALUES(492,'26-12-2013','20:30',32330,3490261,7422084);
INSERT INTO atencion VALUES(493,'15-02-2015','09:15',18151,5825975,10066612);
INSERT INTO atencion VALUES(494,'20-01-2014','09:15',38859,5644453,8284373);
INSERT INTO atencion VALUES(495,'23-05-2013','17:30',25826,10214564,3385116);
INSERT INTO atencion VALUES(496,'09-03-2016','13:00',36254,10214564,5091732);
INSERT INTO atencion VALUES(497,'25-02-2016','16:00',5594,10834039,5000746);
INSERT INTO atencion VALUES(498,'01-10-2014','19:00',14911,11959315,13770506);
INSERT INTO atencion VALUES(499,'17-12-2013','17:00',14422,9827836,5820729);
INSERT INTO atencion VALUES(500,'21-12-2013','18:00',26338,5588583,12765873);
INSERT INTO atencion VALUES(501,'16-06-2015','17:30',15629,3943337,10066612);
INSERT INTO atencion VALUES(502,'05-12-2013','20:30',12558,11293307,6415238);
INSERT INTO atencion VALUES(503,'27-11-2014','19:30',56925,5693955,6239966);
INSERT INTO atencion VALUES(504,'11-06-2015','14:45',6286,9827836,7393396);
INSERT INTO atencion VALUES(505,'16-12-2014','14:45',38419,6135687,5822189);
INSERT INTO atencion VALUES(506,'10-01-2016','12:15',26598,3027750,3754747);
INSERT INTO atencion VALUES(507,'04-07-2013','13:00',40991,10214564,9685598);
INSERT INTO atencion VALUES(508,'05-11-2013','13:00',48559,5412514,7144708);
INSERT INTO atencion VALUES(509,'14-03-2015','12:30',7299,13604392,7393396);
INSERT INTO atencion VALUES(510,'22-05-2013','13:45',18938,3126425,11959885);
INSERT INTO atencion VALUES(511,'08-04-2014','18:30',14449,6783834,3562788);
INSERT INTO atencion VALUES(512,'28-04-2014','09:15',11059,3943337,7000164);
INSERT INTO atencion VALUES(513,'11-04-2013','11:45',49490,11448750,4989000);
INSERT INTO atencion VALUES(514,'04-01-2016','16:45',45008,11448750,4396440);
INSERT INTO atencion VALUES(515,'09-07-2015','20:30',10734,5412514,5056163);
INSERT INTO atencion VALUES(516,'13-07-2015','20:00',7643,10834039,7393396);
INSERT INTO atencion VALUES(517,'14-01-2016','11:45',14048,6783834,5056163);
INSERT INTO atencion VALUES(518,'12-01-2013','14:15',16234,6751207,9168286);
INSERT INTO atencion VALUES(519,'15-01-2016','17:15',56304,11959315,5643549);
INSERT INTO atencion VALUES(520,'22-04-2013','12:45',34919,11959315,10805156);
INSERT INTO atencion VALUES(521,'08-04-2013','09:45',8826,3126425,13604300);
INSERT INTO atencion VALUES(522,'11-03-2016','10:30',35411,11959315,10726792);
INSERT INTO atencion VALUES(523,'10-05-2015','10:00',40886,14490825,7555800);
INSERT INTO atencion VALUES(524,'29-02-2016','17:30',39804,5588583,8284373);
INSERT INTO atencion VALUES(525,'10-08-2014','12:30',13147,11293307,3066256);
INSERT INTO atencion VALUES(526,'23-09-2014','19:15',12999,6751207,5820729);
INSERT INTO atencion VALUES(527,'27-07-2013','09:00',20351,11959315,3911077);
INSERT INTO atencion VALUES(528,'02-09-2013','10:15',27009,11448750,7422084);
INSERT INTO atencion VALUES(529,'19-10-2013','09:30',16473,5644453,6415238);
INSERT INTO atencion VALUES(530,'20-11-2013','18:30',55253,4582433,9851387);
INSERT INTO atencion VALUES(531,'14-06-2013','13:30',36071,3490261,4396440);
INSERT INTO atencion VALUES(532,'02-08-2015','15:45',58181,9827836,4744782);
INSERT INTO atencion VALUES(533,'08-01-2016','19:45',6550,3126425,7851700);
INSERT INTO atencion VALUES(534,'11-06-2013','20:0',56034,3126425,12766479);
INSERT INTO atencion VALUES(535,'07-04-2014','20:00',52000,6231787,4892956);
INSERT INTO atencion VALUES(536,'19-08-2014','13:45',8491,3758049,13604980);
INSERT INTO atencion VALUES(537,'14-03-2015','12:00',10839,5693955,5628094);
INSERT INTO atencion VALUES(538,'03-11-2014','12:15',38218,5588583,4744782);
INSERT INTO atencion VALUES(539,'19-04-2014','20:30',18689,6543007,3632537);
INSERT INTO atencion VALUES(540,'02-05-2013','11:15',14343,9827836,5628094);
INSERT INTO atencion VALUES(541,'25-10-2014','20:15',11403,6475751,12765836);
INSERT INTO atencion VALUES(542,'08-01-2014','09:45',16852,6783834,10006101);
INSERT INTO atencion VALUES(543,'10-06-2013','10:15',11147,5693955,8484348);
INSERT INTO atencion VALUES(544,'03-03-2016','11:00',22499,3943337,11574234);
INSERT INTO atencion VALUES(545,'03-07-2013','13:15',23874,4808258,7800257);
INSERT INTO atencion VALUES(546,'07-02-2016','13:45',7370,5644453,13604300);
INSERT INTO atencion VALUES(547,'02-04-2014','14:00',21216,9169312,11574234);
INSERT INTO atencion VALUES(548,'29-09-2014','17:00',45224,3943337,11959215);
INSERT INTO atencion VALUES(549,'28-03-2014','15:45',22513,11293307,3433444);
INSERT INTO atencion VALUES(550,'16-02-2015','18:45',18795,6231787,10006101);
INSERT INTO atencion VALUES(551,'28-03-2016','13:30',15396,7327526,10006101);
INSERT INTO atencion VALUES(552,'27-07-2014','09:30',12806,6543007,7393396);
INSERT INTO atencion VALUES(553,'27-11-2013','17:15',12581,11448750,3900425);
INSERT INTO atencion VALUES(554,'23-01-2016','12:30',9158,3490261,3562788);
INSERT INTO atencion VALUES(555,'11-01-2016','13:00',52852,6543007,7555800);
INSERT INTO atencion VALUES(556,'25-12-2015','12:45',60405,10214564,8329433);
INSERT INTO atencion VALUES(557,'25-04-2014','19:15',10928,9169312,13604300);
INSERT INTO atencion VALUES(558,'09-02-2014','11:15',11320,11293307,9168286);
INSERT INTO atencion VALUES(559,'05-03-2016','10:15',26957,5644453,6626326);
INSERT INTO atencion VALUES(560,'05-07-2013','17:45',34336,6117105,4603482);
INSERT INTO atencion VALUES(561,'30-04-2013','09:45',7307,4808258,6239390);
INSERT INTO atencion VALUES(562,'19-01-2013','14:00',5478,9169312,6110507);
INSERT INTO atencion VALUES(563,'25-03-2013','17:15',40681,6783834,7555800);
INSERT INTO atencion VALUES(564,'22-03-2016','12:45',16786,6135687,6407635);
INSERT INTO atencion VALUES(565,'15-12-2013','10:30',33295,6783834,2576808);
INSERT INTO atencion VALUES(566,'16-06-2013','16:30',27702,5588583,9073794);
INSERT INTO atencion VALUES(567,'13-02-2016','17:30',37779,7327526,6400537);
INSERT INTO atencion VALUES(568,'22-01-2016','20:00',4668,5412514,3066256);
INSERT INTO atencion VALUES(569,'14-04-2015','17:30',31019,5825975,6215470);
INSERT INTO atencion VALUES(570,'11-01-2014','09:30',63045,3943337,4744782);
INSERT INTO atencion VALUES(571,'12-05-2015','10:00',55536,6231787,8162534);
INSERT INTO atencion VALUES(572,'23-02-2013','12:45',24456,9827836,7378093);


INSERT INTO pago_atencion VALUES(100,'17-05-2013','17-05-2013',30094,NULL,NULL);
INSERT INTO pago_atencion VALUES(101,'08-02-2016','10-02-2016',37325,NULL,NULL);
INSERT INTO pago_atencion VALUES(102,'04-09-2014','04-09-2014',28251,NULL,NULL);
INSERT INTO pago_atencion VALUES(103,'21-11-2014','21-11-2014',43026,NULL,NULL);
INSERT INTO pago_atencion VALUES(104,'24-05-2014','24-05-2014',48011,NULL,NULL);
INSERT INTO pago_atencion VALUES(105,'28-04-2016','30-04-2016',21956,NULL,NULL);
INSERT INTO pago_atencion VALUES(106,'18-04-2014','18-04-2014',12545,NULL,NULL);
INSERT INTO pago_atencion VALUES(107,'23-02-2016','23-02-2016',26324,NULL,NULL);
INSERT INTO pago_atencion VALUES(108,'13-07-2013','13-07-2013',23827,NULL,NULL);
INSERT INTO pago_atencion VALUES(109,'08-10-2013','08-10-2013',59315,NULL,NULL);
INSERT INTO pago_atencion VALUES(110,'05-12-2015','05-12-2015',7427,NULL,NULL);
INSERT INTO pago_atencion VALUES(111,'09-11-2013','09-11-2013',13457,NULL,NULL);
INSERT INTO pago_atencion VALUES(112,'20-08-2013','20-08-2013',6877,NULL,NULL);
INSERT INTO pago_atencion VALUES(113,'13-03-2013','13-03-2013',13001,NULL,NULL);
INSERT INTO pago_atencion VALUES(114,'09-04-2014','09-04-2014',30891,NULL,NULL);
INSERT INTO pago_atencion VALUES(115,'30-10-2014','03-11-2014',13704,NULL,NULL);
INSERT INTO pago_atencion VALUES(116,'25-02-2016','25-02-2016',11356,NULL,NULL);
INSERT INTO pago_atencion VALUES(117,'17-02-2015','17-02-2015',44717,NULL,NULL);
INSERT INTO pago_atencion VALUES(118,'02-07-2014','08-07-2014',50882,NULL,NULL);
INSERT INTO pago_atencion VALUES(119,'25-11-2015','25-11-2015',11824,NULL,NULL);
INSERT INTO pago_atencion VALUES(120,'28-04-2016','28-04-2016',11351,NULL,NULL);
INSERT INTO pago_atencion VALUES(121,'29-06-2013','03-07-2013',7669,NULL,NULL);
INSERT INTO pago_atencion VALUES(122,'06-04-2014','06-04-2014',34663,NULL,NULL);
INSERT INTO pago_atencion VALUES(123,'04-03-2015','04-03-2015',58292,NULL,NULL);
INSERT INTO pago_atencion VALUES(124,'17-07-2013','17-07-2013',19456,NULL,NULL);
INSERT INTO pago_atencion VALUES(125,'07-02-2014','07-02-2014',19314,NULL,NULL);
INSERT INTO pago_atencion VALUES(126,'03-05-2014','03-05-2014',3933,NULL,NULL);
INSERT INTO pago_atencion VALUES(127,'15-06-2013','15-07-2013',37813,NULL,NULL);
INSERT INTO pago_atencion VALUES(128,'26-03-2016','26-03-2016',14372,NULL,NULL);
INSERT INTO pago_atencion VALUES(129,'04-02-2016','04-02-2016',23090,NULL,NULL);
INSERT INTO pago_atencion VALUES(130,'06-02-2015','06-02-2015',19205,NULL,NULL);
INSERT INTO pago_atencion VALUES(131,'24-01-2014','24-01-2014',5460,NULL,NULL);
INSERT INTO pago_atencion VALUES(132,'29-08-2013','29-08-2013',47940,NULL,NULL);
INSERT INTO pago_atencion VALUES(133,'17-04-2016','17-04-2016',30117,NULL,NULL);
INSERT INTO pago_atencion VALUES(134,'17-09-2013','17-09-2013',40475,NULL,NULL);
INSERT INTO pago_atencion VALUES(135,'28-03-2016','28-03-2016',56852,NULL,NULL);
INSERT INTO pago_atencion VALUES(136,'17-05-2015','17-05-2015',60640,NULL,NULL);
INSERT INTO pago_atencion VALUES(137,'04-11-2014','04-11-2014',16349,NULL,NULL);
INSERT INTO pago_atencion VALUES(138,'01-08-2013','01-08-2013',14260,NULL,NULL);
INSERT INTO pago_atencion VALUES(139,'10-02-2016','12-02-2016',63732,NULL,NULL);
INSERT INTO pago_atencion VALUES(140,'26-07-2014','26-07-2014',43268,NULL,NULL);
INSERT INTO pago_atencion VALUES(141,'12-08-2013','12-08-2013',49647,NULL,NULL);
INSERT INTO pago_atencion VALUES(142,'22-07-2013','22-07-2013',54687,NULL,NULL);
INSERT INTO pago_atencion VALUES(143,'01-04-2013','01-04-2013',15863,NULL,NULL);
INSERT INTO pago_atencion VALUES(144,'24-04-2016','24-04-2016',33310,NULL,NULL);
INSERT INTO pago_atencion VALUES(145,'29-03-2016','29-03-2016',13088,NULL,NULL);
INSERT INTO pago_atencion VALUES(146,'26-02-2016','03-01-2016',36855,NULL,NULL);
INSERT INTO pago_atencion VALUES(147,'04-04-2016','04-04-2016',6968,NULL,NULL);
INSERT INTO pago_atencion VALUES(148,'05-07-2014','05-07-2014',14527,NULL,NULL);
INSERT INTO pago_atencion VALUES(149,'07-07-2014','07-07-2014',17337,NULL,NULL);
INSERT INTO pago_atencion VALUES(150,'20-01-2015','20-01-2015',18015,NULL,NULL);
INSERT INTO pago_atencion VALUES(151,'05-04-2013','05-04-2013',14248,NULL,NULL);
INSERT INTO pago_atencion VALUES(152,'14-08-2014','14-08-2014',10804,NULL,NULL);
INSERT INTO pago_atencion VALUES(153,'19-08-2013','19-08-2013',32494,NULL,NULL);
INSERT INTO pago_atencion VALUES(154,'23-04-2013','23-04-2013',36151,NULL,NULL);
INSERT INTO pago_atencion VALUES(155,'23-09-2013','23-09-2013',16843,NULL,NULL);
INSERT INTO pago_atencion VALUES(156,'11-01-2014','11-01-2014',32612,NULL,NULL);
INSERT INTO pago_atencion VALUES(157,'19-05-2013','19-05-2013',16270,NULL,NULL);
INSERT INTO pago_atencion VALUES(158,'23-03-2016','23-03-2016',10696,NULL,NULL);
INSERT INTO pago_atencion VALUES(159,'13-02-2014','13-02-2014',53095,NULL,NULL);
INSERT INTO pago_atencion VALUES(160,'24-06-2014','24-06-2014',22442,NULL,NULL);
INSERT INTO pago_atencion VALUES(161,'15-01-2016','15-01-2016',46137,NULL,NULL);
INSERT INTO pago_atencion VALUES(162,'04-05-2013','04-05-2013',14995,NULL,NULL);
INSERT INTO pago_atencion VALUES(163,'16-03-2014','16-03-2014',11122,NULL,NULL);
INSERT INTO pago_atencion VALUES(164,'10-02-2016','10-02-2016',29874,NULL,NULL);
INSERT INTO pago_atencion VALUES(165,'11-12-2015','11-12-2015',60325,NULL,NULL);
INSERT INTO pago_atencion VALUES(166,'15-02-2013','25-02-2013',31662,NULL,NULL);
INSERT INTO pago_atencion VALUES(167,'21-10-2013','21-10-2013',54681,NULL,NULL);
INSERT INTO pago_atencion VALUES(168,'19-08-2013','19-08-2013',7218,NULL,NULL);
INSERT INTO pago_atencion VALUES(169,'11-11-2013','11-11-2013',44941,NULL,NULL);
INSERT INTO pago_atencion VALUES(170,'13-01-2015','13-01-2015',57459,NULL,NULL);
INSERT INTO pago_atencion VALUES(171,'03-11-2013','03-11-2013',22242,NULL,NULL);
INSERT INTO pago_atencion VALUES(172,'22-06-2015','22-06-2015',16914,NULL,NULL);
INSERT INTO pago_atencion VALUES(173,'12-11-2013','12-11-2013',10384,NULL,NULL);
INSERT INTO pago_atencion VALUES(174,'02-01-2014','02-01-2014',64439,NULL,NULL);
INSERT INTO pago_atencion VALUES(175,'04-10-2014','04-10-2014',54959,NULL,NULL);
INSERT INTO pago_atencion VALUES(176,'19-02-2013','20-02-2013',38282,NULL,NULL);
INSERT INTO pago_atencion VALUES(177,'12-08-2013','12-08-2013',16245,NULL,NULL);
INSERT INTO pago_atencion VALUES(178,'10-09-2013','10-09-2013',21259,NULL,NULL);
INSERT INTO pago_atencion VALUES(179,'11-07-2015','11-07-2015',14337,NULL,NULL);
INSERT INTO pago_atencion VALUES(180,'01-06-2013','01-06-2013',52145,NULL,NULL);
INSERT INTO pago_atencion VALUES(181,'12-12-2013','12-12-2013',49583,NULL,NULL);
INSERT INTO pago_atencion VALUES(182,'09-03-2013','09-03-2013',53843,NULL,NULL);
INSERT INTO pago_atencion VALUES(183,'16-08-2013','16-08-2013',25634,NULL,NULL);
INSERT INTO pago_atencion VALUES(184,'25-03-2014','25-03-2014',44346,NULL,NULL);
INSERT INTO pago_atencion VALUES(185,'29-02-2016','05-03-2016',52586,NULL,NULL);
INSERT INTO pago_atencion VALUES(186,'17-03-2016','17-03-2016',21989,NULL,NULL);
INSERT INTO pago_atencion VALUES(187,'16-03-2013','16-03-2013',61799,NULL,NULL);
INSERT INTO pago_atencion VALUES(188,'04-04-2014','04-04-2014',60725,NULL,NULL);
INSERT INTO pago_atencion VALUES(189,'13-02-2015','13-02-2015',42571,NULL,NULL);
INSERT INTO pago_atencion VALUES(190,'23-10-2014','23-10-2014',18044,NULL,NULL);
INSERT INTO pago_atencion VALUES(191,'21-01-2015','21-01-2015',9549,NULL,NULL);
INSERT INTO pago_atencion VALUES(192,'25-01-2014','25-01-2014',55587,NULL,NULL);
INSERT INTO pago_atencion VALUES(193,'27-12-2013','27-12-2013',16581,NULL,NULL);
INSERT INTO pago_atencion VALUES(194,'12-04-2014','12-04-2014',41381,NULL,NULL);
INSERT INTO pago_atencion VALUES(195,'03-07-2016','03-07-2016',8482,NULL,NULL);
INSERT INTO pago_atencion VALUES(196,'27-02-2016','01-03-2016',18443,NULL,NULL);
INSERT INTO pago_atencion VALUES(197,'02-04-2013','02-04-2013',23350,NULL,NULL);
INSERT INTO pago_atencion VALUES(198,'06-01-2016','06-01-2016',57098,NULL,NULL);
INSERT INTO pago_atencion VALUES(199,'05-05-2015','05-05-2015',16502,NULL,NULL);
INSERT INTO pago_atencion VALUES(200,'29-10-2013','29-10-2013',16621,NULL,NULL);
INSERT INTO pago_atencion VALUES(201,'27-05-2013','27-05-2013',12390,NULL,NULL);
INSERT INTO pago_atencion VALUES(202,'05-04-2016','05-04-2016',25129,NULL,NULL);
INSERT INTO pago_atencion VALUES(203,'21-04-2014','21-04-2014',26737,NULL,NULL);
INSERT INTO pago_atencion VALUES(204,'29-06-2014','29-06-2014',8964,NULL,NULL);
INSERT INTO pago_atencion VALUES(205,'29-09-2013','29-09-2013',15798,NULL,NULL);
INSERT INTO pago_atencion VALUES(206,'30-08-2013','30-08-2013',11713,NULL,NULL);
INSERT INTO pago_atencion VALUES(207,'13-11-2014','13-11-2014',40849,NULL,NULL);
INSERT INTO pago_atencion VALUES(208,'13-05-2013','13-05-2013',13043,NULL,NULL);
INSERT INTO pago_atencion VALUES(209,'16-07-2015','16-07-2015',58280,NULL,NULL);
INSERT INTO pago_atencion VALUES(210,'17-04-2016','17-04-2016',24883,NULL,NULL);
INSERT INTO pago_atencion VALUES(211,'22-07-2013','22-07-2013',3634,NULL,NULL);
INSERT INTO pago_atencion VALUES(212,'30-09-2014','30-09-2014',64596,NULL,NULL);
INSERT INTO pago_atencion VALUES(213,'03-04-2014','03-04-2014',59560,NULL,NULL);
INSERT INTO pago_atencion VALUES(214,'30-12-2014','30-12-2014',13402,NULL,NULL);
INSERT INTO pago_atencion VALUES(215,'27-02-2014','27-02-2014',15393,NULL,NULL);
INSERT INTO pago_atencion VALUES(216,'11-12-2013','11-12-2013',8701,NULL,NULL);
INSERT INTO pago_atencion VALUES(217,'18-06-2013','18-06-2013',33532,NULL,NULL);
INSERT INTO pago_atencion VALUES(218,'24-01-2015','24-01-2015',30420,NULL,NULL);
INSERT INTO pago_atencion VALUES(219,'13-03-2016','13-03-2016',13546,NULL,NULL);
INSERT INTO pago_atencion VALUES(220,'08-09-2014','08-09-2014',42495,NULL,NULL);
INSERT INTO pago_atencion VALUES(221,'12-02-2016','19-02-2016',42441,NULL,NULL);
INSERT INTO pago_atencion VALUES(222,'20-08-2014','20-08-2014',40100,NULL,NULL);
INSERT INTO pago_atencion VALUES(223,'23-08-2014','23-08-2014',35611,NULL,NULL);
INSERT INTO pago_atencion VALUES(224,'20-12-2013','20-12-2013',62937,NULL,NULL);
INSERT INTO pago_atencion VALUES(225,'15-12-2013','15-12-2013',43176,NULL,NULL);
INSERT INTO pago_atencion VALUES(226,'25-10-2015','25-10-2015',18768,NULL,NULL);
INSERT INTO pago_atencion VALUES(227,'09-07-2014','09-07-2014',13517,NULL,NULL);
INSERT INTO pago_atencion VALUES(228,'18-02-2013','18-02-2013',20064,NULL,NULL);
INSERT INTO pago_atencion VALUES(229,'18-04-2013','18-04-2013',57894,NULL,NULL);
INSERT INTO pago_atencion VALUES(230,'04-11-2014','04-11-2014',38243,NULL,NULL);
INSERT INTO pago_atencion VALUES(231,'18-11-2015','18-11-2015',14018,NULL,NULL);
INSERT INTO pago_atencion VALUES(232,'18-12-2015','18-12-2015',50303,NULL,NULL);
INSERT INTO pago_atencion VALUES(233,'10-03-2016','10-03-2016',14284,NULL,NULL);
INSERT INTO pago_atencion VALUES(234,'08-10-2015','08-10-2015',26319,NULL,NULL);
INSERT INTO pago_atencion VALUES(235,'26-06-2013','26-06-2013',18594,NULL,NULL);
INSERT INTO pago_atencion VALUES(236,'05-12-2013','05-12-2013',38944,NULL,NULL);
INSERT INTO pago_atencion VALUES(237,'04-08-2013','04-08-2013',13832,NULL,NULL);
INSERT INTO pago_atencion VALUES(238,'30-10-2013','30-10-2013',62765,NULL,NULL);
INSERT INTO pago_atencion VALUES(239,'09-04-2016','09-04-2016',58973,NULL,NULL);
INSERT INTO pago_atencion VALUES(240,'26-05-2014','26-05-2014',11089,NULL,NULL);
INSERT INTO pago_atencion VALUES(241,'06-04-2013','06-04-2013',28135,NULL,NULL);
INSERT INTO pago_atencion VALUES(242,'24-02-2013','24-02-2013',59650,NULL,NULL);
INSERT INTO pago_atencion VALUES(243,'25-12-2015','25-12-2015',47570,NULL,NULL);
INSERT INTO pago_atencion VALUES(244,'22-04-2013','22-04-2013',24516,NULL,NULL);
INSERT INTO pago_atencion VALUES(245,'08-11-2014','08-11-2014',15831,NULL,NULL);
INSERT INTO pago_atencion VALUES(246,'11-10-2014','11-10-2014',47489,NULL,NULL);
INSERT INTO pago_atencion VALUES(247,'29-09-2014','29-09-2014',55667,NULL,NULL);
INSERT INTO pago_atencion VALUES(248,'19-10-2014','19-10-2014',12563,NULL,NULL);
INSERT INTO pago_atencion VALUES(249,'26-03-2016','26-03-2016',17580,NULL,NULL);
INSERT INTO pago_atencion VALUES(250,'10-10-2015','10-10-2015',14935,NULL,NULL);
INSERT INTO pago_atencion VALUES(251,'16-11-2014','16-11-2014',29772,NULL,NULL);
INSERT INTO pago_atencion VALUES(252,'23-02-2016','28-02-2016',33800,NULL,NULL);
INSERT INTO pago_atencion VALUES(253,'06-03-2013','06-03-2013',4759,NULL,NULL);
INSERT INTO pago_atencion VALUES(254,'17-03-2015','17-03-2015',27447,NULL,NULL);
INSERT INTO pago_atencion VALUES(255,'18-07-2013','18-07-2013',17896,NULL,NULL);
INSERT INTO pago_atencion VALUES(256,'12-04-2016','12-04-2016',14256,NULL,NULL);
INSERT INTO pago_atencion VALUES(257,'17-04-2013','17-04-2013',24393,NULL,NULL);
INSERT INTO pago_atencion VALUES(258,'28-03-2016','28-03-2016',33379,NULL,NULL);
INSERT INTO pago_atencion VALUES(259,'25-06-2013','25-06-2013',25637,NULL,NULL);
INSERT INTO pago_atencion VALUES(260,'21-12-2013','21-12-2013',52231,NULL,NULL);
INSERT INTO pago_atencion VALUES(261,'14-02-2016','14-02-2016',50705,NULL,NULL);
INSERT INTO pago_atencion VALUES(262,'19-12-2014','19-12-2014',6598,NULL,NULL);
INSERT INTO pago_atencion VALUES(263,'25-09-2013','25-09-2013',63528,NULL,NULL);
INSERT INTO pago_atencion VALUES(264,'14-04-2013','14-04-2013',10022,NULL,NULL);
INSERT INTO pago_atencion VALUES(265,'25-04-2016','25-04-2016',11504,NULL,NULL);
INSERT INTO pago_atencion VALUES(266,'18-07-2014','18-07-2014',34752,NULL,NULL);
INSERT INTO pago_atencion VALUES(267,'29-08-2013','29-08-2013',11493,NULL,NULL);
INSERT INTO pago_atencion VALUES(268,'01-03-2016','01-03-2016',38153,NULL,NULL);
INSERT INTO pago_atencion VALUES(269,'23-12-2013','23-12-2013',56598,NULL,NULL);
INSERT INTO pago_atencion VALUES(270,'03-06-2014','03-06-2014',55768,NULL,NULL);
INSERT INTO pago_atencion VALUES(271,'26-07-2014','26-07-2014',18072,NULL,NULL);
INSERT INTO pago_atencion VALUES(272,'01-09-2014','01-09-2014',41708,NULL,NULL);
INSERT INTO pago_atencion VALUES(273,'10-12-2013','10-12-2013',10408,NULL,NULL);
INSERT INTO pago_atencion VALUES(274,'11-12-2013','11-12-2013',51144,NULL,NULL);
INSERT INTO pago_atencion VALUES(275,'23-12-2014','23-12-2014',43655,NULL,NULL);
INSERT INTO pago_atencion VALUES(276,'24-02-2013','24-02-2013',21880,NULL,NULL);
INSERT INTO pago_atencion VALUES(277,'17-09-2014','17-09-2014',15207,NULL,NULL);
INSERT INTO pago_atencion VALUES(278,'17-10-2014','17-10-2014',15680,NULL,NULL);
INSERT INTO pago_atencion VALUES(279,'05-06-2016','05-06-2016',17141,NULL,NULL);
INSERT INTO pago_atencion VALUES(280,'07-02-2016','07-02-2016',18930,NULL,NULL);
INSERT INTO pago_atencion VALUES(281,'26-03-2014','26-03-2014',19273,NULL,NULL);
INSERT INTO pago_atencion VALUES(282,'04-11-2015','04-11-2015',17522,NULL,NULL);
INSERT INTO pago_atencion VALUES(283,'04-04-2016','04-04-2016',9924,NULL,NULL);
INSERT INTO pago_atencion VALUES(284,'05-06-2014','05-06-2014',36640,NULL,NULL);
INSERT INTO pago_atencion VALUES(285,'03-05-2013','03-05-2013',16389,NULL,NULL);
INSERT INTO pago_atencion VALUES(286,'06-03-2013','06-03-2013',15944,NULL,NULL);
INSERT INTO pago_atencion VALUES(287,'09-04-2016','09-04-2016',24431,NULL,NULL);
INSERT INTO pago_atencion VALUES(288,'12-08-2015','12-08-2015',50766,NULL,NULL);
INSERT INTO pago_atencion VALUES(289,'30-07-2014','30-07-2014',60861,NULL,NULL);
INSERT INTO pago_atencion VALUES(290,'05-10-2015','05-10-2015',37837,NULL,NULL);
INSERT INTO pago_atencion VALUES(291,'02-07-2015','02-07-2015',46795,NULL,NULL);
INSERT INTO pago_atencion VALUES(292,'13-03-2016','13-03-2016',42851,NULL,NULL);
INSERT INTO pago_atencion VALUES(293,'10-04-2016','10-04-2016',14964,NULL,NULL);
INSERT INTO pago_atencion VALUES(294,'09-09-2014','09-09-2014',17529,NULL,NULL);
INSERT INTO pago_atencion VALUES(295,'17-05-2013','17-05-2013',10700,NULL,NULL);
INSERT INTO pago_atencion VALUES(296,'06-02-2016','06-02-2016',12548,NULL,NULL);
INSERT INTO pago_atencion VALUES(297,'20-08-2013','20-08-2013',22905,NULL,NULL);
INSERT INTO pago_atencion VALUES(298,'01-09-2015','01-09-2015',52312,NULL,NULL);
INSERT INTO pago_atencion VALUES(299,'08-04-2013','08-04-2013',3988,NULL,NULL);
INSERT INTO pago_atencion VALUES(300,'01-04-2015','01-04-2015',61573,NULL,NULL);
INSERT INTO pago_atencion VALUES(301,'22-02-2016','26-02-2016',6008,NULL,NULL);
INSERT INTO pago_atencion VALUES(302,'27-02-2014','27-02-2014',33035,NULL,NULL);
INSERT INTO pago_atencion VALUES(303,'30-04-2016','30-04-2016',32579,NULL,NULL);
INSERT INTO pago_atencion VALUES(304,'16-02-2016','16-02-2016',9435,NULL,NULL);
INSERT INTO pago_atencion VALUES(305,'25-04-2015','25-04-2015',12560,NULL,NULL);
INSERT INTO pago_atencion VALUES(306,'19-04-2014','19-04-2014',31723,NULL,NULL);
INSERT INTO pago_atencion VALUES(307,'19-08-2014','19-08-2014',12581,NULL,NULL);
INSERT INTO pago_atencion VALUES(308,'05-12-2013','05-12-2013',27056,NULL,NULL);
INSERT INTO pago_atencion VALUES(309,'21-12-2014','21-12-2014',20657,NULL,NULL);
INSERT INTO pago_atencion VALUES(310,'15-02-2013','20-02-2013',12112,NULL,NULL);
INSERT INTO pago_atencion VALUES(311,'23-12-2014','23-12-2014',35989,NULL,NULL);
INSERT INTO pago_atencion VALUES(312,'10-11-2015','10-11-2015',10248,NULL,NULL);
INSERT INTO pago_atencion VALUES(313,'03-09-2014','03-09-2014',25025,NULL,NULL);
INSERT INTO pago_atencion VALUES(314,'28-03-2013','28-03-2013',56144,NULL,NULL);
INSERT INTO pago_atencion VALUES(315,'03-03-2016','03-03-2016',62981,NULL,NULL);
INSERT INTO pago_atencion VALUES(316,'01-07-2014','01-07-2014',18610,NULL,NULL);
INSERT INTO pago_atencion VALUES(317,'15-10-2013','15-10-2013',18121,NULL,NULL);
INSERT INTO pago_atencion VALUES(318,'10-10-2013','10-10-2013',4628,NULL,NULL);
INSERT INTO pago_atencion VALUES(319,'21-02-2016','24-02-2016',10481,NULL,NULL);
INSERT INTO pago_atencion VALUES(320,'08-08-2013','08-08-2013',25190,NULL,NULL);
INSERT INTO pago_atencion VALUES(321,'14-03-2013','14-03-2013',33116,NULL,NULL);
INSERT INTO pago_atencion VALUES(322,'21-06-2014','21-06-2014',13040,NULL,NULL);
INSERT INTO pago_atencion VALUES(323,'29-08-2015','29-08-2015',7202,NULL,NULL);
INSERT INTO pago_atencion VALUES(324,'04-06-2013','04-06-2013',50362,NULL,NULL);
INSERT INTO pago_atencion VALUES(325,'18-09-2014','18-09-2014',9506,NULL,NULL);
INSERT INTO pago_atencion VALUES(326,'25-06-2013','25-06-2013',43297,NULL,NULL);
INSERT INTO pago_atencion VALUES(327,'26-04-2016','26-04-2016',22948,NULL,NULL);
INSERT INTO pago_atencion VALUES(328,'05-11-2013','05-11-2013',12772,NULL,NULL);
INSERT INTO pago_atencion VALUES(329,'17-02-2013','17-02-2013',14582,NULL,NULL);
INSERT INTO pago_atencion VALUES(330,'21-04-2014','21-04-2014',13390,NULL,NULL);
INSERT INTO pago_atencion VALUES(331,'14-08-2013','14-08-2013',22593,NULL,NULL);
INSERT INTO pago_atencion VALUES(332,'07-03-2014','07-03-2014',12445,NULL,NULL);
INSERT INTO pago_atencion VALUES(333,'03-04-2013','03-04-2013',12766,NULL,NULL);
INSERT INTO pago_atencion VALUES(334,'15-03-2016','15-03-2016',22305,NULL,NULL);
INSERT INTO pago_atencion VALUES(335,'11-02-2016','11-02-2016',22250,NULL,NULL);
INSERT INTO pago_atencion VALUES(336,'02-04-2013','02-04-2013',37544,NULL,NULL);
INSERT INTO pago_atencion VALUES(337,'03-03-2016','03-03-2016',39229,NULL,NULL);
INSERT INTO pago_atencion VALUES(338,'27-02-2016','08-03-2016',15732,NULL,NULL);
INSERT INTO pago_atencion VALUES(339,'14-05-2013','14-05-2013',29257,NULL,NULL);
INSERT INTO pago_atencion VALUES(340,'08-04-2016','08-04-2016',16883,NULL,NULL);
INSERT INTO pago_atencion VALUES(341,'17-03-2014','17-03-2014',15356,NULL,NULL);
INSERT INTO pago_atencion VALUES(342,'19-04-2013','19-04-2013',46341,NULL,NULL);
INSERT INTO pago_atencion VALUES(343,'10-02-2014','11-02-2014',12457,NULL,NULL);
INSERT INTO pago_atencion VALUES(344,'14-08-2015','14-08-2015',55013,NULL,NULL);
INSERT INTO pago_atencion VALUES(345,'08-09-2013','08-09-2013',33542,NULL,NULL);
INSERT INTO pago_atencion VALUES(346,'02-03-2016','02-03-2016',3858,NULL,NULL);
INSERT INTO pago_atencion VALUES(347,'19-02-2016','19-02-2016',29262,NULL,NULL);
INSERT INTO pago_atencion VALUES(348,'07-04-2016','07-04-2016',50885,NULL,NULL);
INSERT INTO pago_atencion VALUES(349,'26-06-2013','26-06-2013',28781,NULL,NULL);
INSERT INTO pago_atencion VALUES(350,'10-07-2014','10-07-2014',48628,NULL,NULL);
INSERT INTO pago_atencion VALUES(351,'12-03-2016','12-03-2016',51287,NULL,NULL);
INSERT INTO pago_atencion VALUES(352,'12-09-2015','12-09-2015',9906,NULL,NULL);
INSERT INTO pago_atencion VALUES(353,'25-02-2016','01-03-2016',13736,NULL,NULL);
INSERT INTO pago_atencion VALUES(354,'07-05-2013','07-05-2013',50165,NULL,NULL);
INSERT INTO pago_atencion VALUES(355,'28-03-2013','28-03-2013',2813,NULL,NULL);
INSERT INTO pago_atencion VALUES(356,'02-10-2014','02-10-2014',11129,NULL,NULL);
INSERT INTO pago_atencion VALUES(357,'02-04-2016','02-04-2016',46075,NULL,NULL);
INSERT INTO pago_atencion VALUES(358,'29-03-2016','29-03-2016',9454,NULL,NULL);
INSERT INTO pago_atencion VALUES(359,'15-11-2013','15-11-2013',9846,NULL,NULL);
INSERT INTO pago_atencion VALUES(360,'23-06-2013','23-06-2013',50274,NULL,NULL);
INSERT INTO pago_atencion VALUES(361,'28-04-2013','28-04-2013',16890,NULL,NULL);
INSERT INTO pago_atencion VALUES(362,'09-10-2014','09-10-2014',13244,NULL,NULL);
INSERT INTO pago_atencion VALUES(363,'03-06-2014','03-06-2014',13157,NULL,NULL);
INSERT INTO pago_atencion VALUES(364,'08-09-2015','08-09-2015',54810,NULL,NULL);
INSERT INTO pago_atencion VALUES(365,'25-07-2015','25-07-2015',12450,NULL,NULL);
INSERT INTO pago_atencion VALUES(366,'25-04-2014','25-04-2014',55421,NULL,NULL);
INSERT INTO pago_atencion VALUES(367,'16-02-2015','16-02-2015',40977,NULL,NULL);
INSERT INTO pago_atencion VALUES(368,'30-09-2013','30-09-2013',10697,NULL,NULL);
INSERT INTO pago_atencion VALUES(369,'03-02-2016','03-02-2016',7218,NULL,NULL);
INSERT INTO pago_atencion VALUES(370,'30-07-2013','30-07-2013',12739,NULL,NULL);
INSERT INTO pago_atencion VALUES(371,'15-02-2016','29-02-2016',61128,NULL,NULL);
INSERT INTO pago_atencion VALUES(372,'27-02-2016','27-02-2016',24383,NULL,NULL);
INSERT INTO pago_atencion VALUES(373,'12-08-2013','12-08-2013',8704,NULL,NULL);
INSERT INTO pago_atencion VALUES(374,'27-02-2014','27-02-2014',22832,NULL,NULL);
INSERT INTO pago_atencion VALUES(375,'27-01-2015','27-01-2015',7731,NULL,NULL);
INSERT INTO pago_atencion VALUES(376,'20-04-2016','20-04-2016',17888,NULL,NULL);
INSERT INTO pago_atencion VALUES(377,'16-11-2015','16-11-2015',55500,NULL,NULL);
INSERT INTO pago_atencion VALUES(378,'18-03-2016','18-03-2016',48197,NULL,NULL);
INSERT INTO pago_atencion VALUES(379,'25-09-2013','25-09-2013',6505,NULL,NULL);
INSERT INTO pago_atencion VALUES(380,'29-08-2013','29-08-2013',55120,NULL,NULL);
INSERT INTO pago_atencion VALUES(381,'08-02-2013','19-02-2013',45878,NULL,NULL);
INSERT INTO pago_atencion VALUES(382,'11-05-2015','11-05-2015',46728,NULL,NULL);
INSERT INTO pago_atencion VALUES(383,'24-02-2016','29-02-2016',44604,NULL,NULL);
INSERT INTO pago_atencion VALUES(384,'02-01-2015','02-01-2015',36144,NULL,NULL);
INSERT INTO pago_atencion VALUES(385,'14-02-2016','15-02-2016',30052,NULL,NULL);
INSERT INTO pago_atencion VALUES(386,'06-08-2014','06-08-2014',13913,NULL,NULL);
INSERT INTO pago_atencion VALUES(387,'20-04-2016','20-04-2016',48535,NULL,NULL);
INSERT INTO pago_atencion VALUES(388,'17-12-2015','17-12-2015',15946,NULL,NULL);
INSERT INTO pago_atencion VALUES(389,'24-10-2013','24-10-2013',2885,NULL,NULL);
INSERT INTO pago_atencion VALUES(390,'02-08-2014','02-08-2014',33807,NULL,NULL);
INSERT INTO pago_atencion VALUES(391,'16-03-2016','16-03-2016',50268,NULL,NULL);
INSERT INTO pago_atencion VALUES(392,'02-03-2016','02-03-2016',47262,NULL,NULL);
INSERT INTO pago_atencion VALUES(393,'18-12-2015','18-12-2015',53679,NULL,NULL);
INSERT INTO pago_atencion VALUES(394,'23-11-2013','23-11-2013',24870,NULL,NULL);
INSERT INTO pago_atencion VALUES(395,'05-02-2016','08-02-2016',42793,NULL,NULL);
INSERT INTO pago_atencion VALUES(396,'04-02-2013','05-02-2013',18368,NULL,NULL);
INSERT INTO pago_atencion VALUES(397,'07-04-2014','07-04-2014',26252,NULL,NULL);
INSERT INTO pago_atencion VALUES(398,'16-03-2014','16-03-2014',35912,NULL,NULL);
INSERT INTO pago_atencion VALUES(399,'07-01-2015','07-01-2015',11230,NULL,NULL);
INSERT INTO pago_atencion VALUES(400,'09-03-2016','09-03-2016',19023,NULL,NULL);
INSERT INTO pago_atencion VALUES(401,'15-03-2014','15-03-2014',3702,NULL,NULL);
INSERT INTO pago_atencion VALUES(402,'02-08-2014','02-08-2014',13900,NULL,NULL);
INSERT INTO pago_atencion VALUES(403,'12-11-2013','12-11-2013',57156,NULL,NULL);
INSERT INTO pago_atencion VALUES(404,'06-01-2014','06-01-2014',17159,NULL,NULL);
INSERT INTO pago_atencion VALUES(405,'29-02-2016','03-03-2016',11206,NULL,NULL);
INSERT INTO pago_atencion VALUES(406,'18-04-2016','18-04-2016',59633,NULL,NULL);
INSERT INTO pago_atencion VALUES(407,'11-02-2014','11-02-2014',12892,NULL,NULL);
INSERT INTO pago_atencion VALUES(408,'18-03-2013','18-03-2013',4374,NULL,NULL);
INSERT INTO pago_atencion VALUES(409,'07-07-2013','07-07-2013',19600,NULL,NULL);
INSERT INTO pago_atencion VALUES(410,'23-12-2014','23-12-2014',49213,NULL,NULL);
INSERT INTO pago_atencion VALUES(411,'05-06-2013','05-06-2013',49762,NULL,NULL);
INSERT INTO pago_atencion VALUES(412,'25-03-2016','25-03-2016',28006,NULL,NULL);
INSERT INTO pago_atencion VALUES(413,'01-09-2014','01-09-2014',16077,NULL,NULL);
INSERT INTO pago_atencion VALUES(414,'10-02-2013','15-02-2013',31771,NULL,NULL);
INSERT INTO pago_atencion VALUES(415,'22-06-2013','22-06-2013',46303,NULL,NULL);
INSERT INTO pago_atencion VALUES(416,'15-10-2014','15-10-2014',32736,NULL,NULL);
INSERT INTO pago_atencion VALUES(417,'03-10-2014','03-10-2014',16402,NULL,NULL);
INSERT INTO pago_atencion VALUES(418,'06-08-2013','06-08-2013',15912,NULL,NULL);
INSERT INTO pago_atencion VALUES(419,'09-10-2013','09-10-2013',45094,NULL,NULL);
INSERT INTO pago_atencion VALUES(420,'23-10-2013','23-10-2013',10476,NULL,NULL);
INSERT INTO pago_atencion VALUES(421,'25-01-2015','25-01-2015',17561,NULL,NULL);
INSERT INTO pago_atencion VALUES(422,'08-02-2016','10-02-2016',15333,NULL,NULL);
INSERT INTO pago_atencion VALUES(423,'03-07-2014','03-07-2014',8651,NULL,NULL);
INSERT INTO pago_atencion VALUES(424,'02-02-2013','09-02-2013',44042,NULL,NULL);
INSERT INTO pago_atencion VALUES(425,'02-09-2015','03-09-2015',45588,NULL,NULL);
INSERT INTO pago_atencion VALUES(426,'20-12-2013','20-12-2013',3052,NULL,NULL);
INSERT INTO pago_atencion VALUES(427,'16-08-2014','16-08-2014',22501,NULL,NULL);
INSERT INTO pago_atencion VALUES(428,'13-02-2015','13-02-2015',50222,NULL,NULL);
INSERT INTO pago_atencion VALUES(429,'28-03-2013','28-03-2013',19522,NULL,NULL);
INSERT INTO pago_atencion VALUES(430,'23-12-2014','23-12-2014',42828,NULL,NULL);
INSERT INTO pago_atencion VALUES(431,'19-11-2013','19-11-2013',63041,NULL,NULL);
INSERT INTO pago_atencion VALUES(432,'20-04-2016','20-04-2016',28653,NULL,NULL);
INSERT INTO pago_atencion VALUES(433,'08-08-2014','08-08-2014',28398,NULL,NULL);
INSERT INTO pago_atencion VALUES(434,'05-09-2014','05-09-2014',51733,NULL,NULL);
INSERT INTO pago_atencion VALUES(435,'19-02-2014','25-02-2014',10180,NULL,NULL);
INSERT INTO pago_atencion VALUES(436,'09-12-2015','09-12-2015',25656,NULL,NULL);
INSERT INTO pago_atencion VALUES(437,'29-11-2014','29-11-2014',41297,NULL,NULL);
INSERT INTO pago_atencion VALUES(438,'04-09-2014','04-09-2014',41383,NULL,NULL);
INSERT INTO pago_atencion VALUES(439,'17-03-2016','17-03-2016',11410,NULL,NULL);
INSERT INTO pago_atencion VALUES(440,'03-02-2016','03-02-2016',10370,NULL,NULL);
INSERT INTO pago_atencion VALUES(441,'18-09-2013','18-09-2013',53780,NULL,NULL);
INSERT INTO pago_atencion VALUES(442,'08-04-2016','08-04-2016',11017,NULL,NULL);
INSERT INTO pago_atencion VALUES(443,'25-06-2013','25-06-2013',10377,NULL,NULL);
INSERT INTO pago_atencion VALUES(444,'12-06-2014','12-06-2014',33081,NULL,NULL);
INSERT INTO pago_atencion VALUES(445,'11-03-2016','11-03-2016',27901,NULL,NULL);
INSERT INTO pago_atencion VALUES(446,'01-04-2014','01-04-2014',62707,NULL,NULL);
INSERT INTO pago_atencion VALUES(447,'02-02-2016','07-02-2016',47596,NULL,NULL);
INSERT INTO pago_atencion VALUES(448,'14-06-2015','14-06-2015',46474,NULL,NULL);
INSERT INTO pago_atencion VALUES(449,'05-04-2016','05-04-2016',60380,NULL,NULL);
INSERT INTO pago_atencion VALUES(450,'20-07-2015','20-07-2015',16925,NULL,NULL);
INSERT INTO pago_atencion VALUES(451,'22-10-2015','22-10-2015',16734,NULL,NULL);
INSERT INTO pago_atencion VALUES(452,'24-04-2014','24-04-2014',11348,NULL,NULL);
INSERT INTO pago_atencion VALUES(453,'25-03-2013','25-03-2013',18846,NULL,NULL);
INSERT INTO pago_atencion VALUES(454,'09-08-2015','09-08-2015',22243,NULL,NULL);
INSERT INTO pago_atencion VALUES(456,'09-11-2015','09-11-2015',58981,NULL,NULL);
INSERT INTO pago_atencion VALUES(457,'02-03-2016','02-03-2016',6705,NULL,NULL);
INSERT INTO pago_atencion VALUES(458,'05-11-2015','05-11-2015',19939,NULL,NULL);
INSERT INTO pago_atencion VALUES(459,'01-08-2014','01-08-2014',17346,NULL,NULL);
INSERT INTO pago_atencion VALUES(460,'07-08-2013','07-08-2013',14977,NULL,NULL);
INSERT INTO pago_atencion VALUES(461,'02-08-2013','02-08-2013',39560,NULL,NULL);
INSERT INTO pago_atencion VALUES(462,'03-02-2016','03-02-2016',37562,NULL,NULL);
INSERT INTO pago_atencion VALUES(463,'11-03-2013','11-03-2013',28131,NULL,NULL);
INSERT INTO pago_atencion VALUES(464,'20-04-2016','20-04-2016',18540,NULL,NULL);
INSERT INTO pago_atencion VALUES(465,'07-12-2014','07-12-2014',61784,NULL,NULL);
INSERT INTO pago_atencion VALUES(466,'29-06-2014','29-06-2014',4910,NULL,NULL);
INSERT INTO pago_atencion VALUES(467,'04-03-2016','04-03-2016',50552,NULL,NULL);
INSERT INTO pago_atencion VALUES(468,'03-04-2013','03-04-2013',50930,NULL,NULL);
INSERT INTO pago_atencion VALUES(469,'10-05-2014','10-05-2014',33068,NULL,NULL);
INSERT INTO pago_atencion VALUES(470,'12-02-2016','03-02-2016',32628,NULL,NULL);
INSERT INTO pago_atencion VALUES(471,'23-07-2014','23-07-2014',44930,NULL,NULL);
INSERT INTO pago_atencion VALUES(472,'03-06-2014','03-06-2014',10174,NULL,NULL);
INSERT INTO pago_atencion VALUES(473,'18-05-2015','18-05-2015',15986,NULL,NULL);
INSERT INTO pago_atencion VALUES(474,'24-05-2013','24-05-2013',61147,NULL,NULL);
INSERT INTO pago_atencion VALUES(475,'01-03-2014','01-03-2014',38515,NULL,NULL);
INSERT INTO pago_atencion VALUES(476,'26-04-2016','26-04-2016',28705,NULL,NULL);
INSERT INTO pago_atencion VALUES(477,'09-11-2013','09-11-2013',52878,NULL,NULL);
INSERT INTO pago_atencion VALUES(478,'19-03-2016','19-03-2016',20445,NULL,NULL);
INSERT INTO pago_atencion VALUES(479,'15-06-2013','15-06-2013',23571,NULL,NULL);
INSERT INTO pago_atencion VALUES(480,'02-03-2014','02-03-2014',16371,NULL,NULL);
INSERT INTO pago_atencion VALUES(481,'09-02-2016','07-02-2016',8245,NULL,NULL);
INSERT INTO pago_atencion VALUES(482,'16-04-2014','16-04-2014',24238,NULL,NULL);
INSERT INTO pago_atencion VALUES(483,'25-05-2014','25-05-2014',13280,NULL,NULL);
INSERT INTO pago_atencion VALUES(484,'17-08-2013','17-08-2013',62962,NULL,NULL);
INSERT INTO pago_atencion VALUES(485,'02-08-2013','02-08-2013',19111,NULL,NULL);
INSERT INTO pago_atencion VALUES(486,'13-01-2013','13-01-2013',48595,NULL,NULL);
INSERT INTO pago_atencion VALUES(487,'03-07-2013','03-07-2013',49037,NULL,NULL);
INSERT INTO pago_atencion VALUES(488,'24-08-2014','24-08-2014',23748,NULL,NULL);
INSERT INTO pago_atencion VALUES(489,'10-03-2014','10-03-2014',9135,NULL,NULL);
INSERT INTO pago_atencion VALUES(490,'04-09-2014','04-09-2014',17732,NULL,NULL);
INSERT INTO pago_atencion VALUES(491,'17-02-2016','16-02-2016',45711,NULL,NULL);
INSERT INTO pago_atencion VALUES(492,'26-01-2014','26-01-2014',32330,NULL,NULL);
INSERT INTO pago_atencion VALUES(493,'15-03-2015','15-03-2015',18151,NULL,NULL);
INSERT INTO pago_atencion VALUES(494,'20-02-2014','22-02-2014',38859,NULL,NULL);
INSERT INTO pago_atencion VALUES(495,'23-06-2013','23-06-2013',25826,NULL,NULL);
INSERT INTO pago_atencion VALUES(496,'09-04-2016','09-04-2016',36254,NULL,NULL);
INSERT INTO pago_atencion VALUES(497,'25-03-2016','25-03-2016',5594,NULL,NULL);
INSERT INTO pago_atencion VALUES(498,'01-11-2014','01-11-2014',14911,NULL,NULL);
INSERT INTO pago_atencion VALUES(499,'17-01-2014','17-01-2014',14422,NULL,NULL);
INSERT INTO pago_atencion VALUES(500,'21-01-2014','21-01-2014',26338,NULL,NULL);
INSERT INTO pago_atencion VALUES(501,'16-07-2015','16-07-2015',15629,NULL,NULL);
INSERT INTO pago_atencion VALUES(502,'05-01-2014','05-01-2014',12558,NULL,NULL);
INSERT INTO pago_atencion VALUES(503,'27-12-2014','27-12-2014',56925,NULL,NULL);
INSERT INTO pago_atencion VALUES(504,'11-07-2015','11-07-2015',6286,NULL,NULL);
INSERT INTO pago_atencion VALUES(505,'16-01-2015','16-01-2015',38419,NULL,NULL);
INSERT INTO pago_atencion VALUES(506,'10-02-2016','19-02-2016',26598,NULL,NULL);
INSERT INTO pago_atencion VALUES(507,'04-08-2013','04-08-2013',40991,NULL,NULL);
INSERT INTO pago_atencion VALUES(508,'05-12-2013','05-12-2013',48559,NULL,NULL);
INSERT INTO pago_atencion VALUES(509,'14-04-2015','14-04-2015',7299,NULL,NULL);
INSERT INTO pago_atencion VALUES(510,'22-06-2013','22-06-2013',18938,NULL,NULL);
INSERT INTO pago_atencion VALUES(511,'08-05-2014','08-05-2014',14449,NULL,NULL);
INSERT INTO pago_atencion VALUES(512,'28-05-2014','28-05-2014',11059,NULL,NULL);
INSERT INTO pago_atencion VALUES(513,'11-05-2013','11-05-2013',49490,NULL,NULL);
INSERT INTO pago_atencion VALUES(514,'04-02-2016','09-02-2016',45008,NULL,NULL);
INSERT INTO pago_atencion VALUES(515,'09-08-2015','09-08-2015',10734,NULL,NULL);
INSERT INTO pago_atencion VALUES(516,'13-08-2015','13-08-2015',7643,NULL,NULL);
INSERT INTO pago_atencion VALUES(517,'14-02-2016','14-02-2016',14048,NULL,NULL);
INSERT INTO pago_atencion VALUES(518,'12-02-2013','28-02-2013',16234,NULL,NULL);
INSERT INTO pago_atencion VALUES(519,'15-02-2016','15-02-2016',56304,NULL,NULL);
INSERT INTO pago_atencion VALUES(520,'22-05-2013','22-05-2013',34919,NULL,NULL);
INSERT INTO pago_atencion VALUES(521,'08-05-2013','08-05-2013',8826,NULL,NULL);
INSERT INTO pago_atencion VALUES(522,'11-04-2016','11-04-2016',35411,NULL,NULL);
INSERT INTO pago_atencion VALUES(523,'10-06-2015','10-06-2015',40886,NULL,NULL);
INSERT INTO pago_atencion VALUES(524,'29-03-2016','29-03-2016',39804,NULL,NULL);
INSERT INTO pago_atencion VALUES(525,'10-09-2014','10-09-2014',13147,NULL,NULL);
INSERT INTO pago_atencion VALUES(526,'23-10-2014','23-10-2014',12999,NULL,NULL);
INSERT INTO pago_atencion VALUES(527,'27-08-2013','27-08-2013',20351,NULL,NULL);
INSERT INTO pago_atencion VALUES(528,'02-10-2013','02-10-2013',27009,NULL,NULL);
INSERT INTO pago_atencion VALUES(529,'19-11-2013','19-11-2013',16473,NULL,NULL);
INSERT INTO pago_atencion VALUES(530,'20-12-2013','20-12-2013',55253,NULL,NULL);
INSERT INTO pago_atencion VALUES(531,'14-07-2013','14-07-2013',36071,NULL,NULL);
INSERT INTO pago_atencion VALUES(532,'02-09-2015','02-09-2015',58181,NULL,NULL);
INSERT INTO pago_atencion VALUES(533,'08-02-2016','08-02-2016',6550,NULL,NULL);
INSERT INTO pago_atencion VALUES(534,'11-07-2013','11-07-2013',56034,NULL,NULL);
INSERT INTO pago_atencion VALUES(535,'07-05-2014','07-05-2014',52000,NULL,NULL);
INSERT INTO pago_atencion VALUES(536,'19-09-2014','19-09-2014',8491,NULL,NULL);
INSERT INTO pago_atencion VALUES(537,'14-04-2015','14-04-2015',10839,NULL,NULL);
INSERT INTO pago_atencion VALUES(538,'03-12-2014','03-12-2014',38218,NULL,NULL);
INSERT INTO pago_atencion VALUES(539,'19-05-2014','19-05-2014',18689,NULL,NULL);
INSERT INTO pago_atencion VALUES(540,'02-06-2013','02-06-2013',14343,NULL,NULL);
INSERT INTO pago_atencion VALUES(541,'25-11-2014','25-11-2014',11403,NULL,NULL);
INSERT INTO pago_atencion VALUES(542,'08-02-2014','20-02-2014',16852,NULL,NULL);;
INSERT INTO pago_atencion VALUES(543,'10-07-2013','10-07-2013',11147,NULL,NULL);
INSERT INTO pago_atencion VALUES(544,'03-04-2016','03-04-2016',22499,NULL,NULL);
INSERT INTO pago_atencion VALUES(545,'03-08-2013','03-08-2013',23874,NULL,NULL);
INSERT INTO pago_atencion VALUES(546,'07-02-2016','05-02-2016',7370,NULL,NULL);
INSERT INTO pago_atencion VALUES(547,'02-05-2014','02-05-2014',21216,NULL,NULL);
INSERT INTO pago_atencion VALUES(548,'29-10-2014','29-10-2014',45224,NULL,NULL);
INSERT INTO pago_atencion VALUES(549,'28-04-2014','28-04-2014',22513,NULL,NULL);
INSERT INTO pago_atencion VALUES(550,'16-03-2015','16-03-2015',18795,NULL,NULL);
INSERT INTO pago_atencion VALUES(551,'28-04-2016','28-04-2016',15396,NULL,NULL);
INSERT INTO pago_atencion VALUES(552,'27-08-2014','27-08-2014',12806,NULL,NULL);
INSERT INTO pago_atencion VALUES(553,'27-12-2013','27-12-2013',12581,NULL,NULL);
INSERT INTO pago_atencion VALUES(554,'23-02-2016','23-02-2016',9158,NULL,NULL);
INSERT INTO pago_atencion VALUES(555,'11-02-2016','20-02-2016',52852,NULL,NULL);
INSERT INTO pago_atencion VALUES(556,'25-01-2016','25-01-2016',60405,NULL,NULL);
INSERT INTO pago_atencion VALUES(557,'25-05-2014','25-05-2014',10928,NULL,NULL);
INSERT INTO pago_atencion VALUES(558,'09-03-2014','09-03-2014',11320,NULL,NULL);
INSERT INTO pago_atencion VALUES(559,'05-04-2016','05-04-2016',26957,NULL,NULL);
INSERT INTO pago_atencion VALUES(560,'05-08-2013','05-08-2013',34336,NULL,NULL);
INSERT INTO pago_atencion VALUES(561,'30-05-2013','30-05-2013',7307,NULL,NULL);
INSERT INTO pago_atencion VALUES(562,'19-02-2013','14-02-2013',5478,NULL,NULL);
INSERT INTO pago_atencion VALUES(563,'25-04-2013','25-04-2013',40681,NULL,NULL);
INSERT INTO pago_atencion VALUES(564,'22-04-2016','22-04-2016',16786,NULL,NULL);
INSERT INTO pago_atencion VALUES(565,'15-01-2014','15-01-2014',33295,NULL,NULL);
INSERT INTO pago_atencion VALUES(566,'16-07-2013','16-07-2013',27702,NULL,NULL);
INSERT INTO pago_atencion VALUES(567,'13-03-2016','13-03-2016',37779,NULL,NULL);
INSERT INTO pago_atencion VALUES(568,'22-02-2016','05-03-2016',4668,NULL,NULL);
INSERT INTO pago_atencion VALUES(569,'14-05-2015','14-05-2015',31019,NULL,NULL);
INSERT INTO pago_atencion VALUES(570,'11-02-2014','11-02-2014',63045,NULL,NULL);
INSERT INTO pago_atencion VALUES(571,'12-06-2015','12-06-2015',55536,NULL,NULL);
INSERT INTO pago_atencion VALUES(572,'23-03-2013','23-03-2013',24456,NULL,NULL);
commit;
